id,true,pred,conf,lime_score,lime_runtime_sec,faithfulness,sufficiency,comprehensiveness
0,entailment,entailment,0.98095703125,0.8306959079658851,22.199127100000624,0.0,0.98095703125,0.0
1,contradiction,contradiction,0.99658203125,0.5125148967363811,29.36125019999963,0.03173828125,0.6416015625,0.03173828125
2,contradiction,entailment,0.55419921875,0.656551053914151,39.94501239999954,0.07421875,0.5263671875,0.07421875
3,contradiction,contradiction,0.68701171875,0.5190548256742202,24.54602259999956,0.238525390625,0.779296875,0.238525390625
4,contradiction,contradiction,0.9306640625,0.4372541399946479,40.218226799999684,0.0615234375,0.908203125,-0.0615234375
5,neutral,entailment,0.9912109375,0.719002204736477,29.499833100002434,0.0126953125,0.89794921875,0.0126953125
6,neutral,entailment,0.98583984375,0.5776318290485367,31.413687899999786,0.029296875,0.80908203125,0.029296875
7,neutral,contradiction,0.6220703125,0.44189533357063915,31.227510699998675,0.357421875,0.828125,-0.357421875
8,contradiction,contradiction,0.98974609375,0.577758285992961,24.61772689999998,0.40380859375,0.7548828125,0.40380859375
9,entailment,entailment,0.9853515625,0.5570971719170755,39.52839279999898,0.0283203125,0.8720703125,0.0283203125
10,neutral,neutral,0.99609375,0.6738167676849507,42.21685870000147,0.291015625,0.8818359375,0.291015625
11,entailment,entailment,0.978515625,0.5998749435250594,29.326846699997986,0.01953125,0.90576171875,0.01953125
12,entailment,entailment,0.98779296875,0.6262788058499746,35.57376920000024,0.0556640625,0.8818359375,0.0556640625
13,entailment,entailment,0.9912109375,0.6951402146812624,39.896303599998646,0.04248046875,0.86328125,0.04248046875
14,neutral,neutral,0.9970703125,0.6862077907474309,39.47992030000023,0.03173828125,0.96484375,0.03173828125
15,entailment,entailment,0.99072265625,0.5683376085527041,51.430052600000636,0.20703125,0.71826171875,0.20703125
16,entailment,entailment,0.97314453125,0.5400701267320654,49.16423980000036,0.103515625,0.90380859375,0.103515625
17,entailment,entailment,0.98681640625,0.8178709341171381,29.301388899999438,0.07275390625,0.806640625,0.07275390625
18,entailment,entailment,0.9599609375,0.4616368820413769,29.354956200000743,0.0537109375,0.931640625,0.0537109375
19,neutral,contradiction,0.9443359375,0.4631061058457624,28.99986629999694,0.05078125,0.908203125,-0.05078125
20,contradiction,contradiction,0.9990234375,0.5166973097592464,33.553965800001606,0.24462890625,0.74169921875,0.24462890625
21,neutral,neutral,0.99755859375,0.7124397492451351,31.57461390000026,0.00146484375,0.57666015625,0.00146484375
22,entailment,entailment,0.97509765625,0.5944472547652171,42.01120169999922,0.0634765625,0.865234375,0.0634765625
23,contradiction,contradiction,0.9990234375,0.5211478347376544,42.6924992000022,0.0478515625,0.9970703125,0.0478515625
24,entailment,entailment,0.97216796875,0.75183776341557,34.43884759999855,0.04150390625,0.9140625,0.04150390625
25,neutral,contradiction,0.6923828125,0.4208058632455124,70.65047500000219,0.072265625,0.92236328125,-0.072265625
26,contradiction,contradiction,0.93701171875,0.5056060849710244,42.596176099999866,0.0,0.0,0.0
27,neutral,contradiction,0.9189453125,0.4308671915993517,44.2358662000006,0.0556640625,0.9130859375,-0.0556640625
28,neutral,entailment,0.96484375,0.6492255998403312,31.280467900000076,0.00537109375,0.849609375,-0.00537109375
29,neutral,neutral,0.99755859375,0.6779299648125899,32.927421100001084,0.064453125,0.89208984375,0.064453125
30,entailment,entailment,0.98486328125,0.5973455204991982,31.00866329999917,0.0,0.0,0.0
31,entailment,entailment,0.990234375,0.6697234917869438,31.330642299999454,0.02587890625,0.96875,0.02587890625
32,neutral,neutral,0.8447265625,0.4727805726221208,47.65465269999913,0.34375,0.91552734375,0.34375
33,contradiction,contradiction,0.9482421875,0.4421406202935758,44.25273450000168,0.109375,0.888671875,0.109375
34,neutral,neutral,0.57080078125,0.5933672201272489,33.60240799999883,0.07373046875,0.56298828125,0.07373046875
35,neutral,neutral,0.9970703125,0.728290443687901,29.15491739999925,0.26904296875,0.55322265625,0.26904296875
36,contradiction,entailment,0.93115234375,0.6216434383895459,29.416935599998396,0.078125,0.91259765625,0.078125
37,entailment,entailment,0.986328125,0.6718086054607884,34.524279399996885,0.029296875,0.830078125,0.029296875
38,neutral,neutral,0.9951171875,0.796317540847635,31.51460799999768,0.00048828125,0.8896484375,-0.00048828125
39,neutral,neutral,0.99755859375,0.6237824879288373,29.450886300001002,0.0615234375,0.82080078125,0.0615234375
40,contradiction,contradiction,0.998046875,0.6151946672064585,35.80343240000002,0.01171875,0.9462890625,0.01171875
41,neutral,neutral,0.99755859375,0.6597896491546059,33.575266799998644,0.33984375,0.8837890625,0.33984375
42,contradiction,contradiction,0.9990234375,0.4690918775728815,26.47886440000002,0.00048828125,0.98681640625,0.00048828125
43,entailment,entailment,0.99072265625,0.6700404441594481,39.92365780000182,0.0615234375,0.94873046875,0.0615234375
44,contradiction,contradiction,0.9970703125,0.48094215262105877,34.11587960000179,0.064453125,0.47119140625,0.064453125
45,neutral,neutral,0.849609375,0.5311316662158241,96.96742259999883,0.03857421875,0.79248046875,-0.03857421875
46,neutral,neutral,0.92822265625,0.6299138059920532,44.38527099999919,0.07177734375,0.51611328125,0.07177734375
47,entailment,entailment,0.99365234375,0.4004723516913202,53.56947489999948,0.0029296875,0.73876953125,0.0029296875
48,contradiction,contradiction,0.89794921875,0.6604762994944768,46.60915670000031,0.232421875,0.57958984375,0.232421875
49,contradiction,contradiction,0.97119140625,0.6309624241975418,26.538537700002053,0.05615234375,0.935546875,0.05615234375
50,contradiction,contradiction,0.99951171875,0.5560668252235277,56.8121484000003,0.3505859375,0.94970703125,0.3505859375
51,neutral,neutral,0.99560546875,0.7852492523193597,34.360430599997926,0.49365234375,0.8525390625,0.49365234375
52,contradiction,contradiction,0.9990234375,0.503551705253585,31.225880199999665,0.03466796875,0.9677734375,0.03466796875
53,neutral,contradiction,0.94677734375,0.6047381248340005,39.19414350000079,0.046875,0.67041015625,-0.046875
54,neutral,entailment,0.5791015625,0.5052361123002351,35.92011260000072,0.353515625,0.71826171875,-0.353515625
55,entailment,entailment,0.98974609375,0.5711586703256397,44.07975539999825,0.00048828125,0.50927734375,-0.00048828125
56,contradiction,contradiction,0.86328125,0.4083714636978605,31.29503790000308,0.12744140625,0.77294921875,-0.12744140625
57,contradiction,contradiction,0.94140625,0.3725248033835883,28.13005460000204,0.0,0.0,0.0
58,contradiction,neutral,0.75830078125,0.5438955662336915,60.463845799997216,0.17919921875,0.86328125,-0.17919921875
59,contradiction,contradiction,0.99951171875,0.5379214675426691,31.462063999999373,0.001953125,0.9951171875,0.001953125
60,neutral,neutral,0.98388671875,0.7883540838062943,24.715556099999958,0.0380859375,0.90673828125,0.0380859375
61,neutral,neutral,0.99755859375,0.6538218525090429,34.37653870000213,0.0,0.9296875,0.0
62,neutral,neutral,0.99462890625,0.8027910670693363,31.254429699998582,0.068359375,0.79150390625,0.068359375
63,neutral,neutral,0.99755859375,0.7157778190834643,49.21013279999897,0.0,0.468017578125,0.0
64,neutral,neutral,0.9970703125,0.8156745469789004,34.421952199998486,0.09130859375,0.97216796875,0.09130859375
65,entailment,entailment,0.9833984375,0.6164668580498209,31.28629540000111,0.05517578125,0.9189453125,0.05517578125
66,contradiction,neutral,0.9921875,0.7730888732608683,44.41205529999934,0.2041015625,0.8857421875,0.2041015625
67,neutral,entailment,0.6201171875,0.6050871816637029,26.51599389999683,0.0673828125,0.69775390625,0.0673828125
68,neutral,neutral,0.9921875,0.5257646015211841,44.4276452999984,0.02392578125,0.876953125,0.02392578125
69,entailment,entailment,0.99365234375,0.7399606721843623,31.256090800001402,0.0205078125,0.97412109375,0.0205078125
70,contradiction,contradiction,0.81689453125,0.5689619911481512,42.44646550000107,0.01171875,0.430908203125,-0.01171875
71,neutral,neutral,0.98876953125,0.7258284948129359,47.340120599998045,0.03271484375,0.7578125,0.03271484375
72,contradiction,entailment,0.52392578125,0.3238890984880225,44.07319710000229,0.0,0.0,0.0
73,contradiction,neutral,0.9560546875,0.5364384722661322,48.4865785999973,0.134765625,0.76904296875,0.134765625
74,neutral,neutral,0.98876953125,0.4272019599244974,36.0504351999989,0.0,0.0,0.0
75,entailment,entailment,0.99169921875,0.6963678394641488,24.957895900002768,0.0322265625,0.92431640625,0.0322265625
76,neutral,neutral,0.96484375,0.8740453077089185,33.64605360000132,0.00439453125,0.67041015625,-0.00439453125
77,neutral,neutral,0.99609375,0.6754009241446073,34.43817030000355,0.00146484375,0.6015625,0.00146484375
78,contradiction,contradiction,0.98095703125,0.6892490087410154,42.28476569999839,0.083984375,0.9921875,0.083984375
79,entailment,entailment,0.99072265625,0.502664509631582,34.478720499999326,0.0,0.0,0.0
80,contradiction,neutral,0.70361328125,0.44216022197588656,31.481130100000883,0.05126953125,0.45361328125,0.05126953125
81,neutral,neutral,0.982421875,0.5887368442795042,46.90206209999815,0.0419921875,0.485595703125,0.0419921875
82,neutral,neutral,0.84716796875,0.5203903075001941,35.97816950000197,0.09619140625,0.890625,-0.09619140625
83,entailment,entailment,0.99072265625,0.39527662529695695,44.475956499998574,0.0,0.0,0.0
84,entailment,entailment,0.9921875,0.7228068060099395,44.3802478999969,0.05810546875,0.9765625,0.05810546875
85,entailment,entailment,0.97802734375,0.5034425727553762,35.65230470000097,0.02099609375,0.78076171875,0.02099609375
86,entailment,entailment,0.99072265625,0.5567896105785919,42.392481300001236,0.00146484375,0.861328125,-0.00146484375
87,entailment,entailment,0.87939453125,0.7179227835955626,44.35618239999894,0.185546875,0.84228515625,0.185546875
88,entailment,entailment,0.78369140625,0.4897913884614694,36.00723080000171,0.18798828125,0.69384765625,-0.18798828125
89,contradiction,contradiction,0.9990234375,0.5067251035037903,29.340417100000195,0.27783203125,0.9990234375,0.27783203125
90,neutral,neutral,0.9970703125,0.7221830793682497,28.88294230000247,0.04931640625,0.8857421875,0.04931640625
91,entailment,entailment,0.984375,0.6786387927877333,31.35268300000098,0.0146484375,0.83935546875,0.0146484375
92,entailment,entailment,0.97998046875,0.6281172022020509,29.417274599996745,0.02685546875,0.94775390625,0.02685546875
93,entailment,entailment,0.9892578125,0.6625174042693915,31.54091160000098,0.0068359375,0.53125,0.0068359375
94,neutral,neutral,0.99755859375,0.742077311992106,26.407185299998673,0.25439453125,0.72021484375,0.25439453125
95,contradiction,contradiction,0.9970703125,0.6851528922869128,49.31338840000171,0.00390625,0.470703125,0.00390625
96,neutral,neutral,0.72607421875,0.5967295680837607,31.344278000000486,0.04443359375,0.52880859375,-0.04443359375
97,entailment,entailment,0.98193359375,0.47577539985068174,26.814823500000784,0.0,0.0,0.0
98,contradiction,contradiction,0.9990234375,0.5664021059761439,44.50857279999764,0.0009765625,0.6953125,0.0009765625
99,neutral,entailment,0.79443359375,0.5562768118021677,35.83509250000134,0.0830078125,0.93310546875,-0.0830078125
100,neutral,neutral,0.9970703125,0.5845280264523409,47.61448440000095,0.5478515625,0.7265625,0.5478515625
101,neutral,neutral,0.98583984375,0.6597176616079775,39.84746009999799,0.32470703125,0.89892578125,0.32470703125
102,neutral,neutral,0.99755859375,0.6101784537703353,35.968736299997545,0.0,0.599609375,0.0
103,neutral,neutral,0.88671875,0.6583362430216095,34.36068069999965,0.24609375,0.365478515625,0.24609375
104,contradiction,contradiction,0.99853515625,0.722482421079093,39.567434499997034,0.00048828125,0.97021484375,0.00048828125
105,contradiction,contradiction,0.849609375,0.7011126369167682,29.049483100003272,0.0888671875,0.939453125,0.0888671875
106,neutral,neutral,0.9970703125,0.6938009980116566,42.6546230999993,0.00244140625,0.5263671875,0.00244140625
107,neutral,neutral,0.9921875,0.7994251191307393,42.062980400001834,0.00927734375,0.68896484375,0.00927734375
108,neutral,neutral,0.96630859375,0.6787420203596091,29.00505449999764,0.01416015625,0.88525390625,0.01416015625
109,entailment,entailment,0.9912109375,0.6068679016512879,34.431107399999746,0.0107421875,0.904296875,0.0107421875
110,entailment,entailment,0.986328125,0.5537744285243332,33.63139429999865,0.0,0.0,0.0
111,entailment,neutral,0.65185546875,0.6681755360772295,24.986640399998578,0.24560546875,0.61572265625,-0.24560546875
112,contradiction,contradiction,0.9990234375,0.5468985882288546,36.01553320000312,0.0,0.0,0.0
113,entailment,entailment,0.9677734375,0.6205490024910281,33.648563400001876,0.01611328125,0.521484375,-0.01611328125
114,entailment,entailment,0.58056640625,0.5273144359592796,47.62616539999726,0.2060546875,0.9140625,-0.2060546875
115,contradiction,contradiction,0.99853515625,0.44018128504291587,24.787898499998846,0.0341796875,0.94287109375,0.0341796875
116,contradiction,contradiction,0.99609375,0.5624986727724648,33.60407710000072,0.43994140625,0.587890625,0.43994140625
117,neutral,neutral,0.5302734375,0.5582938067757562,29.157392999997683,0.0400390625,0.607421875,0.0400390625
118,entailment,entailment,0.9814453125,0.5968917402340287,29.079565199997887,0.00390625,0.9404296875,0.00390625
119,entailment,entailment,0.99072265625,0.8432529435353249,26.63622640000176,0.01025390625,0.91015625,0.01025390625
120,contradiction,contradiction,0.9931640625,0.5257937577800544,35.83561120000013,0.0048828125,0.6640625,0.0048828125
121,contradiction,contradiction,0.9970703125,0.46770324774123817,49.156019499998365,0.00732421875,0.57470703125,0.00732421875
122,neutral,neutral,0.99609375,0.7137368681472632,53.65680149999753,0.00244140625,0.98193359375,0.00244140625
123,contradiction,contradiction,0.99462890625,0.5030596517268943,29.31809890000295,0.025390625,0.96142578125,0.025390625
124,neutral,neutral,0.85302734375,0.6610920327096632,44.3419393999975,0.27783203125,0.91064453125,0.27783203125
125,entailment,entailment,0.9345703125,0.6834022998173068,44.36225940000077,0.2158203125,0.82568359375,0.2158203125
126,neutral,entailment,0.99267578125,0.6484570146559319,39.496653199999855,0.00341796875,0.8623046875,0.00341796875
127,neutral,neutral,0.73193359375,0.693735551365055,28.573327000001882,0.00634765625,0.5224609375,-0.00634765625
128,entailment,entailment,0.99267578125,0.6204936082315113,35.90604109999913,0.05859375,0.916015625,0.05859375
129,contradiction,contradiction,0.9951171875,0.5553179071234569,35.90656769999987,0.0,0.0,0.0
130,contradiction,neutral,0.99755859375,0.7925861875891238,39.58132689999911,0.11181640625,0.98876953125,0.11181640625
131,entailment,entailment,0.9921875,0.7548938136979453,42.06158489999871,0.0126953125,0.82763671875,0.0126953125
132,entailment,entailment,0.99072265625,0.4939002790121235,36.01196770000024,0.00927734375,0.853515625,0.00927734375
133,contradiction,contradiction,0.99951171875,0.48254819760268897,29.1244755000007,0.02099609375,0.96728515625,0.02099609375
134,contradiction,contradiction,0.783203125,0.5980647616583383,29.116886899999372,0.21337890625,0.7880859375,0.21337890625
135,neutral,neutral,0.9970703125,0.7642083588255945,47.642662300000666,0.013671875,0.9619140625,0.013671875
136,neutral,entailment,0.51611328125,0.5528215912585928,33.63695709999956,0.12158203125,0.62841796875,-0.12158203125
137,contradiction,contradiction,0.96533203125,0.5433247847997377,42.18467379999856,0.03125,0.61767578125,-0.03125
138,contradiction,contradiction,0.9990234375,0.5809996048440049,42.73146850000194,0.02587890625,0.58447265625,0.02587890625
139,entailment,entailment,0.990234375,0.5104991315220007,26.379849599998124,0.01171875,0.69873046875,0.01171875
140,entailment,entailment,0.95654296875,0.6622370402184503,31.296419300000707,0.45361328125,0.81103515625,0.45361328125
141,neutral,neutral,0.99755859375,0.700123486705345,41.97084360000008,0.58056640625,0.36962890625,0.58056640625
142,entailment,entailment,0.98779296875,0.559496636690001,29.053159099999903,0.0,0.0,0.0
143,entailment,entailment,0.9873046875,0.690753397322214,44.1634490999968,0.078125,0.93603515625,0.078125
144,contradiction,entailment,0.63525390625,0.46080338024311485,53.68969440000001,0.0234375,0.75341796875,0.0234375
145,entailment,entailment,0.990234375,0.6690455024066346,42.320067600001494,0.00927734375,0.92919921875,0.00927734375
146,entailment,entailment,0.990234375,0.6087013869863389,31.4258004000003,0.0009765625,0.75048828125,-0.0009765625
147,contradiction,contradiction,0.99755859375,0.6232529095154615,29.08371949999855,0.5185546875,0.90185546875,0.5185546875
148,entailment,entailment,0.98828125,0.5511885708857205,32.87742140000046,0.00390625,0.88916015625,0.00390625
149,neutral,neutral,0.99755859375,0.6841166397928534,53.677908800000296,0.001953125,0.8447265625,0.001953125
150,neutral,contradiction,0.85546875,0.5953336535566527,24.55808099999922,0.0,0.0,0.0
151,contradiction,contradiction,0.9951171875,0.7148357856371677,44.30717769999683,0.001953125,0.701171875,-0.001953125
152,entailment,entailment,0.9892578125,0.8235247280509929,33.65320159999828,0.044921875,0.859375,0.044921875
153,neutral,neutral,0.9931640625,0.6042811774588133,29.10635959999854,0.0009765625,0.72509765625,-0.0009765625
154,entailment,entailment,0.994140625,0.8112410536302157,42.74067009999999,0.00341796875,0.97216796875,0.00341796875
155,entailment,entailment,0.99267578125,0.6948662903171561,29.10104499999943,0.021484375,0.87109375,0.021484375
156,entailment,entailment,0.99072265625,0.6507232048996745,35.85099809999883,0.0595703125,0.75927734375,0.0595703125
157,neutral,neutral,0.978515625,0.5480178623792877,26.780458400000498,0.5712890625,0.7490234375,0.5712890625
158,neutral,neutral,0.99755859375,0.6291284146394986,66.02258509999956,0.00146484375,0.467041015625,0.00146484375
159,entailment,entailment,0.9775390625,0.75668224416481,51.169883700000355,0.140625,0.94970703125,0.140625
160,entailment,entailment,0.99267578125,0.6954036476729354,29.08024370000203,0.3095703125,0.97705078125,0.3095703125
161,neutral,entailment,0.88525390625,0.5630942972648298,26.717692700000043,0.05419921875,0.75146484375,-0.05419921875
162,entailment,entailment,0.994140625,0.6090905789599215,34.43317969999771,0.00634765625,0.92626953125,0.00634765625
163,entailment,entailment,0.65380859375,0.5676461334442533,39.861434099999315,0.30908203125,0.43212890625,-0.30908203125
164,entailment,entailment,0.9853515625,0.5300584494410572,44.40992499999993,0.0185546875,0.75390625,0.0185546875
165,contradiction,contradiction,0.99951171875,0.7106644561537188,35.909343600000284,0.0,0.8564453125,0.0
166,contradiction,contradiction,0.931640625,0.6099996196427255,31.280045399998926,0.03759765625,0.96484375,0.03759765625
167,contradiction,contradiction,0.99853515625,0.4876471338395435,42.00373450000188,0.00048828125,0.83544921875,-0.00048828125
168,entailment,entailment,0.98291015625,0.3841222604032676,24.599185999999463,0.09716796875,0.93212890625,0.09716796875
169,neutral,neutral,0.962890625,0.7473185493025749,44.01274800000101,0.05517578125,0.4208984375,0.05517578125
170,neutral,neutral,0.98681640625,0.7332658081813865,33.29762259999916,0.05029296875,0.5,0.05029296875
171,contradiction,contradiction,0.99755859375,0.5072433142344264,42.08874210000067,0.03857421875,0.88671875,0.03857421875
172,entailment,entailment,0.927734375,0.47336118669367955,34.44643569999971,0.02587890625,0.94677734375,0.02587890625
173,neutral,neutral,0.9765625,0.7682442353191824,31.56445960000201,0.12890625,0.9609375,0.12890625
174,contradiction,contradiction,0.99853515625,0.685733019132448,26.555344600001263,0.00390625,0.96533203125,0.00390625
175,contradiction,neutral,0.96875,0.509931441368412,34.39783830000306,0.06640625,0.73681640625,0.06640625
176,neutral,entailment,0.53515625,0.44723418819878036,53.72150200000033,0.318359375,0.6005859375,-0.318359375
177,neutral,neutral,0.99755859375,0.6221775277066317,33.61198979999972,0.0009765625,0.98681640625,0.0009765625
178,entailment,entailment,0.81884765625,0.4785491825049021,29.43675820000135,0.11865234375,0.6162109375,-0.11865234375
179,neutral,neutral,0.99755859375,0.6386986301286117,31.521191399999225,0.05615234375,0.67041015625,0.05615234375
180,contradiction,entailment,0.89599609375,0.4813629068181132,29.43413149999833,0.08349609375,0.7880859375,0.08349609375
181,entailment,entailment,0.98095703125,0.7492126645316148,41.92076910000105,0.017578125,0.53369140625,0.017578125
182,neutral,neutral,0.9951171875,0.5643385840464278,39.93545979999908,0.0205078125,0.4853515625,0.0205078125
183,entailment,entailment,0.50244140625,0.4301205708714281,31.470779300001595,0.42236328125,0.61572265625,-0.42236328125
184,neutral,neutral,0.5107421875,0.4210741600489454,39.898886799997854,0.077392578125,0.8935546875,0.077392578125
185,entailment,entailment,0.97509765625,0.508775158180836,26.766067399999883,0.37744140625,0.88818359375,0.37744140625
186,neutral,neutral,0.94921875,0.563879332639798,73.56546700000035,0.02197265625,0.638671875,0.02197265625
187,entailment,entailment,0.99365234375,0.7361731315108351,35.670481400000426,0.02880859375,0.86767578125,0.02880859375
188,neutral,neutral,0.94921875,0.7422945916807238,47.55681860000186,0.4765625,0.849609375,0.4765625
189,contradiction,contradiction,0.99951171875,0.6526950973852698,29.364966400000412,0.09130859375,0.9990234375,0.09130859375
190,neutral,neutral,0.9970703125,0.909490584319167,26.527315100000123,0.02587890625,0.91650390625,0.02587890625
191,entailment,entailment,0.96826171875,0.5166533473362376,29.434978900000715,0.04443359375,0.88525390625,0.04443359375
192,neutral,neutral,0.9970703125,0.8328797825965449,33.6340581000004,0.0009765625,0.78173828125,0.0009765625
193,entailment,entailment,0.9697265625,0.5040788711981061,51.605649999997695,0.05224609375,0.89404296875,0.05224609375
194,entailment,entailment,0.96533203125,0.7175117889769347,39.99138859999948,0.3701171875,0.98291015625,0.3701171875
195,entailment,entailment,0.986328125,0.5626588893335132,29.439391500000056,0.04150390625,0.95556640625,0.04150390625
196,entailment,entailment,0.99267578125,0.6371559628291461,44.49956200000088,0.0029296875,0.9501953125,0.0029296875
197,entailment,entailment,0.99267578125,0.6981619599998822,29.40667570000005,0.07763671875,0.9736328125,0.07763671875
198,entailment,entailment,0.98779296875,0.4903589661624339,49.308800700000575,0.06005859375,0.904296875,0.06005859375
199,entailment,entailment,0.99365234375,0.5758457052813906,69.99071280000135,0.00048828125,0.87646484375,0.00048828125
200,entailment,entailment,0.99365234375,0.5850990585681316,50.746875400000135,0.24462890625,0.94677734375,0.24462890625
201,neutral,entailment,0.8408203125,0.49458979728321506,35.80813649999982,0.07080078125,0.5078125,-0.07080078125
202,neutral,neutral,0.99755859375,0.7049647601695922,42.084323200000654,0.302734375,0.96044921875,0.302734375
203,neutral,neutral,0.95751953125,0.4997712831724066,33.664978699998755,0.5009765625,0.5986328125,0.5009765625
204,contradiction,contradiction,0.95947265625,0.43801952507079744,44.50834910000049,0.1220703125,0.876953125,0.1220703125
205,contradiction,contradiction,0.51904296875,0.4678345919531941,29.445386400002462,0.4716796875,0.92041015625,-0.4716796875
206,neutral,neutral,0.76806640625,0.6120147740838777,39.990336099999695,0.11376953125,0.83203125,-0.11376953125
207,contradiction,neutral,0.978515625,0.6139257074112038,53.75716209999882,0.0068359375,0.9775390625,-0.0068359375
208,contradiction,contradiction,0.99365234375,0.6549915316466469,40.026542899999185,0.00341796875,0.62939453125,-0.00341796875
209,entailment,entailment,0.98779296875,0.6330384592201295,49.30289469999843,0.275390625,0.62841796875,0.275390625
210,neutral,neutral,0.99755859375,0.6378241093988278,41.90686959999948,0.10205078125,0.99658203125,0.10205078125
211,neutral,neutral,0.8564453125,0.535830895136786,47.51682729999811,0.02685546875,0.74560546875,-0.02685546875
212,neutral,neutral,0.990234375,0.5216505270246882,29.349219599997014,0.107421875,0.6796875,0.107421875
213,entailment,entailment,0.8916015625,0.5243639081999076,29.333042299997032,0.0,0.0,0.0
214,entailment,entailment,0.8193359375,0.37433350729497983,39.50723019999714,0.267578125,0.7216796875,0.267578125
215,neutral,neutral,0.99755859375,0.6370149178726393,57.194468899997446,0.103515625,0.9765625,0.103515625
216,neutral,neutral,0.818359375,0.6062223011178216,29.017319200000202,0.04345703125,0.46044921875,0.04345703125
217,contradiction,contradiction,0.9990234375,0.3763809984579556,29.321159300001455,0.0,0.0,0.0
218,neutral,entailment,0.88623046875,0.5340269289198112,35.71715739999854,0.0859375,0.64013671875,-0.0859375
219,entailment,entailment,0.984375,0.7262030937731642,42.59511989999737,0.0166015625,0.83544921875,0.0166015625
220,contradiction,contradiction,0.99951171875,0.49398380441516043,34.422217100000125,0.0,0.0,0.0
221,neutral,neutral,0.99609375,0.6759748694119754,35.97373230000085,0.0009765625,0.85546875,0.0009765625
222,neutral,neutral,0.9970703125,0.5385441232065498,33.527862099999766,0.4140625,0.93408203125,0.4140625
223,contradiction,neutral,0.99169921875,0.7616790019138611,39.52436659999876,0.5849609375,0.50390625,0.5849609375
224,contradiction,contradiction,0.97900390625,0.7877038214408709,34.39303860000291,0.00146484375,0.75927734375,0.00146484375
225,entailment,entailment,0.990234375,0.45719917811079336,34.400420199999644,0.0,0.0,0.0
226,contradiction,contradiction,0.96435546875,0.47962079619637166,29.092823499999213,0.39794921875,0.740234375,0.39794921875
227,entailment,entailment,0.98583984375,0.7908139495374317,47.49028790000011,0.0068359375,0.96728515625,0.0068359375
228,entailment,entailment,0.6884765625,0.37526374588606026,35.49262330000056,0.07666015625,0.849609375,-0.07666015625
229,contradiction,neutral,0.716796875,0.30815716880343114,39.53388759999871,0.22021484375,0.908203125,-0.22021484375
230,neutral,neutral,0.99755859375,0.8219797250046553,39.667153999998845,0.0439453125,0.671875,0.0439453125
231,contradiction,contradiction,0.99462890625,0.5216120578324552,42.63956600000165,0.0,0.86767578125,0.0
232,contradiction,contradiction,0.9873046875,0.5866050792156404,44.33362699999998,0.0068359375,0.77197265625,-0.0068359375
233,neutral,neutral,0.99755859375,0.7066532780067488,89.31963059999907,0.0,0.82763671875,0.0
234,contradiction,contradiction,0.99462890625,0.543375936829867,31.209568600002967,0.0029296875,0.89306640625,0.0029296875
235,contradiction,contradiction,0.9033203125,0.3937865742958262,50.84317340000052,0.0419921875,0.52685546875,-0.0419921875
236,entailment,entailment,0.97412109375,0.4663989690706074,53.67349729999842,0.0185546875,0.80810546875,0.0185546875
237,contradiction,contradiction,0.9365234375,0.5114329574431833,47.505656199999066,0.00146484375,0.94189453125,0.00146484375
238,neutral,neutral,0.9970703125,0.659691125729263,33.50791749999917,0.32861328125,0.99169921875,0.32861328125
239,contradiction,contradiction,0.99365234375,0.5672842007387578,33.57900950000112,0.166015625,0.5693359375,0.166015625
240,contradiction,entailment,0.9765625,0.6551727038507598,29.406281700001273,0.02001953125,0.94091796875,0.02001953125
241,contradiction,contradiction,0.97998046875,0.6595787646522226,35.450303199999325,0.0,0.0,0.0
242,entailment,entailment,0.9765625,0.6219408322430118,44.26901759999964,0.47900390625,0.7509765625,0.47900390625
243,neutral,neutral,0.99609375,0.6743814157498071,40.00835829999778,0.02978515625,0.505859375,0.02978515625
244,entailment,entailment,0.98974609375,0.431192393459769,29.442396900001768,0.0,0.0,0.0
245,neutral,neutral,0.9970703125,0.7509608406977467,31.526273100000253,0.00048828125,0.95947265625,0.00048828125
246,contradiction,contradiction,0.98779296875,0.44025051217908806,42.20794390000083,0.0029296875,0.81298828125,-0.0029296875
247,contradiction,neutral,0.98876953125,0.5926268727873423,44.462571600000956,0.01416015625,0.497314453125,0.01416015625
248,contradiction,contradiction,0.9970703125,0.4068034389182974,34.37235410000358,0.388671875,0.96484375,0.388671875
249,neutral,neutral,0.99658203125,0.7384472352562612,39.28823030000058,0.02880859375,0.70068359375,0.02880859375
250,neutral,entailment,0.97607421875,0.39587100467889746,36.05244820000007,0.0,0.0,0.0
251,contradiction,contradiction,0.99072265625,0.7638538507379753,34.485197300000436,0.00634765625,0.96826171875,0.00634765625
252,entailment,entailment,0.86865234375,0.49261153157999094,33.601270700000896,0.08251953125,0.60107421875,-0.08251953125
253,entailment,entailment,0.9853515625,0.580427696739147,47.64751500000057,0.1044921875,0.81982421875,0.1044921875
254,entailment,entailment,0.98779296875,0.5187739384096652,62.0149777000006,0.0,0.0,0.0
255,contradiction,contradiction,0.99609375,0.44008336805752046,29.07162260000041,0.02734375,0.7451171875,0.02734375
256,entailment,contradiction,0.99951171875,0.5494243081044226,33.65610630000083,0.0,0.8583984375,0.0
257,neutral,neutral,0.9970703125,0.7521800581738454,39.60805459999756,0.49609375,0.70458984375,0.49609375
258,neutral,contradiction,0.8193359375,0.5851013855425157,24.605023100000835,0.21484375,0.78515625,0.21484375
259,entailment,entailment,0.9755859375,0.5825389691610002,33.169569599998795,0.0,0.0,0.0
260,neutral,neutral,0.99755859375,0.774636947869703,44.51685870000074,0.0615234375,0.533203125,0.0615234375
261,entailment,entailment,0.9794921875,0.3922244292260455,29.064199800002825,0.00244140625,0.8935546875,0.00244140625
262,contradiction,contradiction,0.98681640625,0.6324182729070947,41.98815639999884,0.01025390625,0.89990234375,0.01025390625
263,neutral,neutral,0.93408203125,0.54690370001371,42.165009700001974,0.10107421875,0.6943359375,0.10107421875
264,neutral,neutral,0.95751953125,0.6995321307307597,22.184371600000304,0.34130859375,0.806640625,0.34130859375
265,neutral,neutral,0.98046875,0.8596937424217851,60.451784699998825,0.30224609375,0.80517578125,0.30224609375
266,contradiction,contradiction,0.80712890625,0.47161159834198785,33.56866550000268,0.07666015625,0.373779296875,0.07666015625
267,entailment,entailment,0.9853515625,0.5665894585029507,49.172039799999766,0.08642578125,0.84228515625,0.08642578125
268,entailment,neutral,0.6337890625,0.4284246871192793,31.442967599999974,0.24755859375,0.6748046875,0.24755859375
269,neutral,neutral,0.99755859375,0.6518516040469787,26.746425199999067,0.2021484375,0.99169921875,0.2021484375
270,neutral,neutral,0.95947265625,0.6360334740029516,39.65664560000005,0.021484375,0.9638671875,0.021484375
271,entailment,entailment,0.98583984375,0.672197729453804,31.547715899996547,0.015625,0.95263671875,0.015625
272,neutral,neutral,0.99755859375,0.7613843528480974,48.84601599999951,0.1875,0.923828125,0.1875
273,contradiction,contradiction,0.98876953125,0.631481100214037,34.481386200001,0.0,0.0,0.0
274,contradiction,neutral,0.677734375,0.5486824199101148,42.16648870000063,0.31982421875,0.82470703125,-0.31982421875
275,entailment,entailment,0.9931640625,0.43220716246590185,33.414623499997106,0.00146484375,0.83154296875,0.00146484375
276,contradiction,contradiction,0.91796875,0.4134027817501442,42.43565840000156,0.0,0.0,0.0
277,entailment,entailment,0.99169921875,0.8552613572614598,33.631555500000104,0.03857421875,0.92529296875,0.03857421875
278,contradiction,contradiction,0.71875,0.4895699033684411,33.626699599997664,0.1142578125,0.99169921875,0.1142578125
279,entailment,entailment,0.9765625,0.5093672508093282,42.74226439999984,0.0,0.0,0.0
280,contradiction,contradiction,0.9990234375,0.5230232612063288,47.32992409999861,0.00634765625,0.97216796875,0.00634765625
281,contradiction,contradiction,0.90771484375,0.7224823478253757,38.204342000000906,0.0234375,0.73828125,-0.0234375
282,contradiction,contradiction,0.99951171875,0.34049270747312843,24.93360290000055,0.0,0.0,0.0
283,neutral,neutral,0.99560546875,0.6128858741532002,51.346548900000926,0.0,0.0,0.0
284,entailment,entailment,0.9892578125,0.661182784960181,51.120496800002,0.00439453125,0.73583984375,0.00439453125
285,neutral,neutral,0.99755859375,0.7446009248817781,31.117386300000362,0.33935546875,0.5966796875,0.33935546875
286,neutral,neutral,0.9228515625,0.48560411611458176,34.27332949999982,0.41796875,0.484619140625,0.41796875
287,entailment,neutral,0.54638671875,0.36370592348632425,31.513753000002907,0.1396484375,0.919921875,-0.1396484375
288,contradiction,contradiction,0.9921875,0.552670508517282,42.14792730000045,0.01611328125,0.9833984375,0.01611328125
289,entailment,entailment,0.970703125,0.5115589531467712,26.790035900001385,0.0419921875,0.9453125,0.0419921875
290,contradiction,contradiction,0.99951171875,0.5429107540730149,34.364931600001,0.0,0.0,0.0
291,neutral,neutral,0.59326171875,0.43968082692075083,51.96717069999795,0.18310546875,0.6455078125,-0.18310546875
292,contradiction,neutral,0.99658203125,0.723551128152887,42.08233759999712,0.12939453125,0.96630859375,0.12939453125
293,contradiction,contradiction,0.99951171875,0.47320579720811284,29.085467199998675,0.00048828125,0.90478515625,0.00048828125
294,entailment,entailment,0.9921875,0.8093766532348299,34.45069129999683,0.02294921875,0.9765625,0.02294921875
295,neutral,neutral,0.80908203125,0.7030434806480177,28.85716400000092,0.04736328125,0.53466796875,-0.04736328125
296,neutral,neutral,0.99609375,0.7449500509153473,28.910278200000903,0.060546875,0.54296875,0.060546875
297,contradiction,contradiction,0.91650390625,0.4127621230554436,42.181631699997524,0.05322265625,0.896484375,-0.05322265625
298,contradiction,contradiction,0.97998046875,0.3623617417365289,33.656695099998615,0.0185546875,0.44873046875,-0.0185546875
299,entailment,entailment,0.986328125,0.6068201582825659,34.343444699999964,0.01416015625,0.892578125,0.01416015625
300,entailment,entailment,0.99169921875,0.5265739746688642,24.58240139999907,0.0,0.0,0.0
301,neutral,neutral,0.9951171875,0.7332655227527625,31.522762100001273,0.0859375,0.6796875,0.0859375
302,contradiction,contradiction,0.99609375,0.5331998664966066,36.053487599998334,0.0625,0.96630859375,0.0625
303,neutral,neutral,0.9794921875,0.7127979975075053,42.416549400000804,0.0,0.0,0.0
304,neutral,neutral,0.99462890625,0.6605354913930852,31.56033970000135,0.1435546875,0.88037109375,0.1435546875
305,contradiction,contradiction,0.99365234375,0.5860362280310168,57.11632610000015,0.0,0.0,0.0
306,neutral,neutral,0.99755859375,0.6957884703670738,39.595366500001546,0.11279296875,0.72998046875,0.11279296875
307,contradiction,contradiction,0.8857421875,0.5313130469449568,34.506091299997934,0.10888671875,0.8974609375,-0.10888671875
308,entailment,entailment,0.97265625,0.7447591085070595,26.791767200000322,0.0322265625,0.8642578125,0.0322265625
309,entailment,entailment,0.98828125,0.6897816884977728,31.55201510000188,0.009765625,0.798828125,0.009765625
310,entailment,entailment,0.97119140625,0.8588748083184312,31.451788499998656,0.40576171875,0.6591796875,0.40576171875
311,contradiction,contradiction,0.99658203125,0.41250114302015284,31.24097669999901,0.0,0.0,0.0
312,neutral,neutral,0.99755859375,0.7917886012531745,44.3622910999984,0.07958984375,0.76123046875,0.07958984375
313,entailment,entailment,0.98974609375,0.604366565981401,26.693601499999204,0.03466796875,0.9423828125,0.03466796875
314,entailment,entailment,0.984375,0.48853357667645936,35.73391599999741,0.45556640625,0.4375,0.45556640625
315,contradiction,contradiction,0.98193359375,0.4612509791280677,47.43430119999903,0.0,0.0,0.0
316,entailment,entailment,0.6591796875,0.4415895713414454,29.04552049999984,0.0,0.0,0.0
317,contradiction,entailment,0.98095703125,0.5462534480185889,49.145177800000965,0.0107421875,0.57177734375,-0.0107421875
318,neutral,neutral,0.99755859375,0.9623501002843037,47.42418259999977,0.02099609375,0.99267578125,0.02099609375
319,entailment,entailment,0.97265625,0.6784351955938532,77.76134199999797,0.05517578125,0.7265625,0.05517578125
320,entailment,entailment,0.97509765625,0.6216077395163169,29.016334399999323,0.08447265625,0.814453125,0.08447265625
321,entailment,entailment,0.9794921875,0.658301150471878,42.488717199998064,0.1396484375,0.9453125,0.1396484375
322,neutral,neutral,0.99755859375,0.6629490581178514,42.717892600001505,0.0009765625,0.78759765625,0.0009765625
323,entailment,entailment,0.9755859375,0.41099200268161595,36.045167699998274,0.0,0.0,0.0
324,contradiction,contradiction,0.99609375,0.5245359525037065,40.016535899998416,0.0,0.0,0.0
325,entailment,entailment,0.8818359375,0.4418345572343023,57.52094219999708,0.04833984375,0.5087890625,-0.04833984375
326,contradiction,neutral,0.88330078125,0.6789416934173286,42.7105281999975,0.080078125,0.896484375,-0.080078125
327,neutral,neutral,0.9921875,0.7892927456263974,33.66602460000286,0.0498046875,0.62255859375,0.0498046875
328,contradiction,contradiction,0.9990234375,0.4887464951271969,33.62432780000381,0.00048828125,0.93505859375,0.00048828125
329,neutral,neutral,0.99658203125,0.7240688455275448,31.366162999998778,0.0283203125,0.94921875,0.0283203125
330,neutral,entailment,0.81591796875,0.4349726172041085,29.106243100002757,0.11669921875,0.859375,0.11669921875
331,entailment,entailment,0.9560546875,0.34563483034097087,26.835795800005144,0.0,0.0,0.0
332,entailment,entailment,0.98779296875,0.5206257713667924,35.800089399999706,0.001953125,0.7978515625,-0.001953125
333,contradiction,contradiction,0.99951171875,0.819868180815885,34.501525100000435,0.1435546875,0.998046875,0.1435546875
334,contradiction,contradiction,0.689453125,0.7148351749410098,35.79723690000537,0.20849609375,0.458251953125,-0.20849609375
335,contradiction,contradiction,0.48974609375,0.5053098150319636,44.475457799999276,0.48046875,0.96728515625,-0.48046875
336,neutral,neutral,0.99755859375,0.8103280987387329,31.356259400003182,0.0419921875,0.42919921875,0.0419921875
337,entailment,neutral,0.75537109375,0.609673793375577,53.81381749999855,0.1240234375,0.75,-0.1240234375
338,contradiction,contradiction,0.99609375,0.3727275912520315,53.63071949999721,0.01953125,0.62158203125,0.01953125
339,neutral,neutral,0.99755859375,0.6695539396168873,47.60917999999947,0.20458984375,0.98291015625,0.20458984375
340,contradiction,contradiction,0.55322265625,0.3328843025920276,31.452401300004567,0.06201171875,0.479248046875,-0.06201171875
341,neutral,entailment,0.638671875,0.504599933665077,42.13114350000251,0.21533203125,0.361572265625,-0.21533203125
342,neutral,neutral,0.91357421875,0.4203839752867634,24.56260050000128,0.35888671875,0.7490234375,0.35888671875
343,contradiction,neutral,0.9951171875,0.6816234598939221,29.0317584000004,0.4306640625,0.896484375,0.4306640625
344,entailment,entailment,0.97998046875,0.5472104078206391,31.258187400002498,0.0,0.0,0.0
345,contradiction,contradiction,0.994140625,0.5795507030588936,39.864285200004815,0.0,0.0,0.0
346,entailment,entailment,0.97509765625,0.5508645381915942,26.331788299998152,0.0,0.0,0.0
347,neutral,neutral,0.99755859375,0.7724485590613408,53.58695429999352,0.0185546875,0.759765625,0.0185546875
348,neutral,neutral,0.99267578125,0.68472227702626,35.60050829999818,0.0234375,0.490966796875,0.0234375
349,contradiction,contradiction,0.923828125,0.5913370938587034,29.028619000004255,0.1240234375,0.8779296875,0.1240234375
350,contradiction,contradiction,0.99951171875,0.7222000327707524,33.209159799996996,0.05419921875,0.99365234375,0.05419921875
351,neutral,neutral,0.99755859375,0.6790836483209381,36.04744319999736,0.2373046875,0.90234375,0.2373046875
352,neutral,entailment,0.5166015625,0.6110850830259948,42.07656180000049,0.18408203125,0.8720703125,-0.18408203125
353,contradiction,contradiction,0.99853515625,0.5304565899839229,29.42511949999607,0.0,0.0,0.0
354,contradiction,contradiction,0.9990234375,0.5965418326362195,26.594556800002465,0.01904296875,0.83349609375,0.01904296875
355,entailment,neutral,0.9345703125,0.6564433163346832,33.63002119999874,0.1015625,0.96826171875,0.1015625
356,entailment,entailment,0.9912109375,0.6363009566106357,39.61665950000315,0.01171875,0.94384765625,0.01171875
357,entailment,entailment,0.97314453125,0.49337645547710596,34.465667600001325,0.029296875,0.58642578125,0.029296875
358,neutral,neutral,0.8408203125,0.6092997552650061,33.62007589999848,0.26416015625,0.8349609375,0.26416015625
359,entailment,entailment,0.7861328125,0.5190465159583805,33.434887499999604,0.0,0.0,0.0
360,entailment,entailment,0.98388671875,0.7516814993859655,39.935845599997265,0.5234375,0.86328125,0.5234375
361,contradiction,contradiction,0.99853515625,0.7001842196376238,29.102668699997594,0.0087890625,0.90771484375,0.0087890625
362,contradiction,contradiction,0.9638671875,0.6784907556663425,31.56104210000194,0.02880859375,0.88671875,0.02880859375
363,entailment,entailment,0.9873046875,0.5975514781155702,26.850145199998224,0.01611328125,0.783203125,0.01611328125
364,neutral,neutral,0.9970703125,0.6214832652798592,39.27223360000062,0.4501953125,0.96728515625,0.4501953125
365,neutral,neutral,0.9951171875,0.7740116774551169,42.708425500000885,0.46240234375,0.8671875,0.46240234375
366,entailment,entailment,0.9765625,0.5242968578390439,33.447239599998284,0.0,0.0,0.0
367,contradiction,contradiction,0.65673828125,0.3726993999643048,33.61718149999797,0.02392578125,0.861328125,0.02392578125
368,contradiction,contradiction,0.99951171875,0.47062130553278536,36.04055659999722,0.0,0.87060546875,0.0
369,neutral,neutral,0.8505859375,0.5894147330178514,39.97256699999707,0.11376953125,0.50830078125,-0.11376953125
370,entailment,entailment,0.9892578125,0.4789718525861716,33.63446230000409,0.0,0.0,0.0
371,entailment,entailment,0.97216796875,0.4200540256098263,24.483936399999948,0.0,0.0,0.0
372,entailment,entailment,0.98876953125,0.6802683396840863,39.28842639999493,0.048828125,0.70263671875,0.048828125
373,neutral,entailment,0.6123046875,0.6932222846875825,31.44373910000286,0.0048828125,0.912109375,-0.0048828125
374,entailment,neutral,0.97607421875,0.6276813184181516,24.64838400000008,0.0,0.0,0.0
375,neutral,neutral,0.99755859375,0.603110355602142,53.52623839999433,0.00048828125,0.5615234375,0.00048828125
376,entailment,entailment,0.9921875,0.7668904456154455,34.36155629999848,0.00830078125,0.9443359375,0.00830078125
377,contradiction,contradiction,0.87353515625,0.6384538245680982,42.1614211000051,0.1611328125,0.822265625,0.1611328125
378,entailment,entailment,0.9443359375,0.6691379312300877,24.515040300000692,0.412109375,0.966796875,0.412109375
379,contradiction,contradiction,0.99658203125,0.5758241348845394,31.351372600001923,0.0,0.0,0.0
380,neutral,neutral,0.5732421875,0.42911437139974107,49.24056019999989,0.287109375,0.460693359375,-0.287109375
381,entailment,entailment,0.9931640625,0.557690857152493,29.036063799998374,0.05810546875,0.94775390625,0.05810546875
382,contradiction,contradiction,0.9931640625,0.5579914943505795,39.55986850000045,0.015625,0.423828125,0.015625
383,contradiction,contradiction,0.88525390625,0.46222570119891015,29.29179770000337,0.10107421875,0.8271484375,-0.10107421875
384,entailment,entailment,0.9912109375,0.6360746543634683,35.76852159999544,0.0439453125,0.97265625,0.0439453125
385,entailment,entailment,0.99169921875,0.6673067243835535,44.33225780000066,0.11181640625,0.9697265625,0.11181640625
386,contradiction,contradiction,0.962890625,0.4922430253838922,34.42479750000348,0.12841796875,0.80712890625,0.12841796875
387,neutral,neutral,0.99755859375,0.8321837143477507,31.254104699997697,0.0,0.822265625,0.0
388,contradiction,contradiction,0.994140625,0.7682541057453987,33.55141400000139,0.00146484375,0.92431640625,-0.00146484375
389,contradiction,contradiction,0.98291015625,0.7102654632596759,41.98409979999997,0.056640625,0.919921875,0.056640625
390,contradiction,neutral,0.99755859375,0.7218821056652449,34.2433824999971,0.0830078125,0.89697265625,0.0830078125
391,contradiction,contradiction,0.80908203125,0.4048339216140274,39.95772069999657,0.04541015625,0.623046875,-0.04541015625
392,entailment,entailment,0.9931640625,0.5075772568367524,49.108897199999774,0.0,0.0,0.0
393,contradiction,contradiction,0.90087890625,0.6443393012472295,46.71153709999635,0.015625,0.75439453125,-0.015625
394,entailment,entailment,0.86572265625,0.6141937963811905,26.837633499999356,0.283203125,0.966796875,0.283203125
395,entailment,entailment,0.982421875,0.702453918132597,42.154516599999624,0.2294921875,0.9130859375,0.2294921875
396,entailment,entailment,0.90869140625,0.6145276762860978,31.574008399999002,0.06640625,0.50244140625,-0.06640625
397,entailment,entailment,0.99267578125,0.7142816637021624,22.216654000003473,0.35546875,0.982421875,0.35546875
398,neutral,neutral,0.99755859375,0.46596740311740037,57.49356270000135,0.0009765625,0.94921875,0.0009765625
399,neutral,neutral,0.99755859375,0.6547941615808687,42.12085069999739,0.0048828125,0.5341796875,0.0048828125
400,contradiction,contradiction,0.888671875,0.8266421253906574,29.388757699998678,0.0,0.0,0.0
401,entailment,entailment,0.99169921875,0.6801958854588497,42.18665439999313,0.1279296875,0.97216796875,0.1279296875
402,neutral,neutral,0.99755859375,0.7058364773890395,31.540654299999005,0.00341796875,0.9013671875,0.00341796875
403,neutral,neutral,0.99755859375,0.6816832690099124,26.797162800001388,0.16259765625,0.61962890625,0.16259765625
404,contradiction,neutral,0.84521484375,0.762281694267031,44.55319849999796,0.05810546875,0.0,0.05810546875
405,contradiction,contradiction,0.97900390625,0.5560229073216114,44.48532050000358,0.42431640625,0.55126953125,0.42431640625
406,neutral,entailment,0.7470703125,0.48119680825320854,42.72298829999636,0.0,0.0,0.0
407,entailment,entailment,0.98681640625,0.4651907128013796,29.410596499998064,0.0,0.0,0.0
408,contradiction,contradiction,0.98388671875,0.4532987195007374,67.09199789999548,0.36083984375,0.98095703125,0.36083984375
409,entailment,entailment,0.93212890625,0.5795178850156337,22.25274929999432,0.1982421875,0.921875,0.1982421875
410,contradiction,neutral,0.50439453125,0.40070740957105255,34.27243850000377,0.154296875,0.560546875,-0.154296875
411,entailment,entailment,0.96875,0.46257410183206094,52.067177900004026,0.0029296875,0.44775390625,0.0029296875
412,entailment,entailment,0.99072265625,0.7294639864623464,26.77649350000138,0.02294921875,0.85986328125,0.02294921875
413,neutral,neutral,0.99755859375,0.6290779097179531,44.362637799997174,0.013671875,0.92236328125,0.013671875
414,entailment,entailment,0.99267578125,0.4851510922043216,35.60436749999644,0.0078125,0.7666015625,0.0078125
415,entailment,entailment,0.9931640625,0.47640624472392024,41.95525169999746,0.00732421875,0.759765625,0.00732421875
416,contradiction,contradiction,0.98583984375,0.4842465636369019,33.31318199999805,0.23095703125,0.76123046875,0.23095703125
417,neutral,neutral,0.99169921875,0.9322237906397388,35.789341200004856,0.51953125,0.537109375,0.51953125
418,contradiction,contradiction,0.99951171875,0.6881088166498175,31.21211079999921,0.01416015625,0.99462890625,0.01416015625
419,neutral,neutral,0.99755859375,0.7376710146053385,41.983657500000845,0.00341796875,0.498779296875,0.00341796875
420,neutral,neutral,0.9375,0.5386355069635969,24.705466499995964,0.310546875,0.93505859375,0.310546875
421,neutral,neutral,0.99755859375,0.7504763594894032,42.70159880000574,0.03466796875,0.78076171875,0.03466796875
422,entailment,entailment,0.82275390625,0.4885944091232216,31.545351600005233,0.0,0.0,0.0
423,contradiction,neutral,0.99609375,0.7980424597857181,44.515901899998426,0.25390625,0.84619140625,0.25390625
424,contradiction,contradiction,0.99853515625,0.5931266263035397,42.06638099999691,0.0478515625,0.58984375,0.0478515625
425,contradiction,contradiction,0.99853515625,0.4316515634490038,42.19119380000484,0.0009765625,0.568359375,0.0009765625
426,entailment,entailment,0.99169921875,0.6033907464840597,24.606874199998856,0.0,0.0,0.0
427,neutral,neutral,0.95654296875,0.6367263013813107,32.99265359999845,0.42529296875,0.734375,0.42529296875
428,neutral,neutral,0.98486328125,0.5687223863833848,39.62568580000516,0.24462890625,0.63623046875,0.24462890625
429,contradiction,contradiction,0.998046875,0.37246571461263156,42.134316800002125,0.00146484375,0.74853515625,0.00146484375
430,neutral,neutral,0.990234375,0.744257620081801,29.419124500003818,0.09619140625,0.36767578125,0.09619140625
431,contradiction,neutral,0.9892578125,0.5029812114567844,31.489800600000308,0.0,0.0,0.0
432,neutral,neutral,0.99462890625,0.7269879406546771,47.49483170000167,0.0205078125,0.87939453125,0.0205078125
433,neutral,neutral,0.99755859375,0.6852473645198964,33.5587136000031,0.2822265625,0.7685546875,0.2822265625
434,neutral,entailment,0.66015625,0.4214862513971597,42.04224070000055,0.2421875,0.376708984375,-0.2421875
435,contradiction,contradiction,0.99560546875,0.6687774691676861,28.785618299996713,0.0029296875,0.87890625,0.0029296875
436,entailment,entailment,0.98974609375,0.5907374085697905,46.0728065000003,0.017578125,0.86767578125,0.017578125
437,contradiction,contradiction,0.99951171875,0.5011118719385335,34.30959509999957,0.0,0.0,0.0
438,contradiction,contradiction,0.9990234375,0.5261231772548987,31.284864799999923,0.001953125,0.98583984375,0.001953125
439,contradiction,contradiction,0.986328125,0.5278424517301908,50.8087400000004,0.0,0.0,0.0
440,contradiction,contradiction,0.71630859375,0.48611163898238785,41.878323199998704,0.060546875,0.91259765625,-0.060546875
441,neutral,neutral,0.962890625,0.6202888317007469,52.44307759999356,0.0205078125,0.5439453125,0.0205078125
442,entailment,entailment,0.72802734375,0.41951875564830365,35.727275800003554,0.1083984375,0.7197265625,-0.1083984375
443,neutral,neutral,0.99755859375,0.6578641488462063,44.36422290000337,0.0634765625,0.60888671875,0.0634765625
444,neutral,neutral,0.98779296875,0.7309739827153381,53.570205299998634,0.0068359375,0.48193359375,0.0068359375
445,entailment,entailment,0.97119140625,0.6612504099868228,29.048223699996015,0.0087890625,0.93896484375,0.0087890625
446,neutral,neutral,0.6015625,0.5191462859612813,35.669330799995805,0.0908203125,0.76220703125,0.0908203125
447,contradiction,contradiction,0.99853515625,0.48507521186294655,29.362405300002138,0.04150390625,0.99560546875,0.04150390625
448,neutral,neutral,0.958984375,0.5648587670325209,44.14538889999676,0.19384765625,0.501953125,0.19384765625
449,neutral,neutral,0.97607421875,0.6059955175557379,41.22860870000295,0.03466796875,0.904296875,0.03466796875
450,neutral,neutral,0.9228515625,0.5717776244543988,35.99327759999869,0.43896484375,0.4990234375,0.43896484375
451,contradiction,contradiction,0.736328125,0.6297887382165017,31.22392150000087,0.2275390625,0.7236328125,-0.2275390625
452,neutral,neutral,0.94873046875,0.5805887658965787,29.37413860000379,0.01513671875,0.8359375,0.01513671875
453,neutral,neutral,0.96484375,0.7419468905180286,35.92036090000329,0.02197265625,0.470947265625,0.02197265625
454,neutral,neutral,0.99560546875,0.7068256713547032,31.3728048999983,0.00341796875,0.87841796875,0.00341796875
455,entailment,entailment,0.9423828125,0.5847692011977919,34.370699300001434,0.32275390625,0.904296875,0.32275390625
456,entailment,entailment,0.9921875,0.5818906325859197,39.565959399995336,0.0048828125,0.83349609375,0.0048828125
457,neutral,entailment,0.478759765625,0.45148841935541906,26.688228699997126,0.5068359375,0.6875,-0.5068359375
458,entailment,neutral,0.78125,0.622792462244808,31.117231399999582,0.30322265625,0.380859375,0.30322265625
459,neutral,neutral,0.828125,0.6807380085622221,39.47211999999854,0.1640625,0.6630859375,0.1640625
460,contradiction,contradiction,0.6953125,0.4952836156813999,26.829277599994384,0.2861328125,0.5302734375,-0.2861328125
461,contradiction,contradiction,0.99951171875,0.45506501627787965,33.51805539999623,0.0,0.90966796875,0.0
462,entailment,entailment,0.9638671875,0.557372899647693,31.06834019999951,0.0244140625,0.9130859375,0.0244140625
463,neutral,contradiction,0.9794921875,0.46736920554190264,31.22343529999489,0.0078125,0.8486328125,-0.0078125
464,neutral,neutral,0.98486328125,0.5872829303492455,51.455140699996264,0.2275390625,0.58251953125,0.2275390625
465,entailment,entailment,0.99267578125,0.4819439076398482,26.743095699996047,0.0,0.0,0.0
466,entailment,entailment,0.9931640625,0.6972864995253819,66.16345310000179,0.01611328125,0.77001953125,0.01611328125
467,contradiction,contradiction,0.9912109375,0.5673296513107811,43.54430539999885,0.11181640625,0.939453125,0.11181640625
468,contradiction,contradiction,0.9990234375,0.5879682215791846,39.86914149999939,0.0,0.0,0.0
469,entailment,entailment,0.97119140625,0.5390268413995236,44.40323879999778,0.02294921875,0.5302734375,0.02294921875
470,neutral,neutral,0.9716796875,0.6978436836901528,49.286295099998824,0.01904296875,0.634765625,0.01904296875
471,contradiction,contradiction,0.99560546875,0.42763262516322387,29.41078710000147,0.00244140625,0.8212890625,0.00244140625
472,contradiction,neutral,0.9306640625,0.6041007319806618,31.29310429999896,0.06591796875,0.374267578125,-0.06591796875
473,contradiction,contradiction,0.65869140625,0.6615371567478618,26.613907500002824,0.0,0.0,0.0
474,neutral,neutral,0.939453125,0.7125531415413489,31.48658429999341,0.0908203125,0.955078125,0.0908203125
475,contradiction,contradiction,0.99560546875,0.5408545052868237,42.711290799998096,0.0,0.0,0.0
476,contradiction,contradiction,0.99951171875,0.5003164837180939,35.527359299994714,0.0,0.7783203125,0.0
477,neutral,neutral,0.96826171875,0.40195086649556433,42.03844630000094,0.21337890625,0.94775390625,0.21337890625
478,neutral,entailment,0.7568359375,0.3938375594120963,44.49421030000667,0.22265625,0.7392578125,0.22265625
479,neutral,neutral,0.6181640625,0.5527269000705222,35.98183240000071,0.0,0.0,0.0
480,contradiction,contradiction,0.93310546875,0.5774701055677016,33.628262400001404,0.05810546875,0.81103515625,-0.05810546875
481,contradiction,contradiction,0.99267578125,0.5507935351911442,38.51984280000033,0.1015625,0.9208984375,0.1015625
482,neutral,neutral,0.9970703125,0.6023276666229302,56.29363249999733,0.00341796875,0.5078125,0.00341796875
483,contradiction,neutral,0.76806640625,0.4980268508730661,33.53814350000175,0.22900390625,0.6494140625,-0.22900390625
484,contradiction,contradiction,0.99951171875,0.5078689215496177,35.783986800001,0.0,0.8212890625,0.0
485,contradiction,neutral,0.9853515625,0.6468069681180916,24.600164499999664,0.0,0.0,0.0
486,contradiction,contradiction,0.9892578125,0.5530383602379381,34.392882400003145,0.0048828125,0.9091796875,-0.0048828125
487,contradiction,neutral,0.86376953125,0.3999459294919592,35.73534130000189,0.056640625,0.96044921875,0.056640625
488,entailment,entailment,0.95068359375,0.5267263267205984,51.25361840000551,0.01025390625,0.52001953125,-0.01025390625
489,contradiction,contradiction,0.9970703125,0.7546373295556347,33.58065410000563,0.0009765625,0.97998046875,0.0009765625
490,entailment,entailment,0.97216796875,0.4444641363847305,26.623562500004482,0.01416015625,0.638671875,0.01416015625
491,contradiction,contradiction,0.99951171875,0.5808189083921756,44.44770060000155,0.0,0.5048828125,0.0
492,entailment,entailment,0.96435546875,0.6105562672240664,62.20147580000048,0.05908203125,0.51416015625,0.05908203125
493,neutral,neutral,0.99755859375,0.6680031678473619,49.22142309999617,0.1689453125,0.98828125,0.1689453125
494,contradiction,contradiction,0.9990234375,0.6250885460484659,50.8487993000017,0.0,0.0,0.0
495,neutral,neutral,0.94677734375,0.7077134931989375,49.194933600003424,0.0,0.0,0.0
496,entailment,entailment,0.9638671875,0.5152061050364416,31.49864649999654,0.369140625,0.6650390625,0.369140625
497,entailment,entailment,0.9443359375,0.5926503559539182,26.7698706999945,0.22900390625,0.580078125,0.22900390625
498,entailment,entailment,0.95849609375,0.48973083189066813,24.574844100003247,0.1015625,0.91845703125,0.1015625
499,neutral,neutral,0.99755859375,0.9410435522231476,57.375858700004756,0.41357421875,0.96142578125,0.41357421875
500,entailment,entailment,0.98583984375,0.8269819368932528,35.84797139999864,0.0634765625,0.89404296875,0.0634765625
501,neutral,neutral,0.9208984375,0.5350553161581091,42.01798530000087,0.37939453125,0.9716796875,0.37939453125
502,neutral,neutral,0.99755859375,0.6984535563375307,35.81354090000241,0.05712890625,0.99365234375,0.05712890625
503,neutral,contradiction,0.50390625,0.6148471534718186,33.63986580000346,0.12109375,0.85205078125,-0.12109375
504,neutral,entailment,0.97607421875,0.500685747138405,31.531477299999096,0.45849609375,0.90625,0.45849609375
505,contradiction,entailment,0.98291015625,0.40097678521296387,53.021452499997395,0.0,0.0,0.0
506,neutral,entailment,0.8662109375,0.273223011090722,31.331691899998987,0.0,0.0,0.0
507,entailment,entailment,0.9931640625,0.470817810492548,35.83548929999961,0.0,0.0,0.0
508,neutral,neutral,0.9951171875,0.8279309954803933,52.231769600002735,0.0146484375,0.464599609375,0.0146484375
509,contradiction,contradiction,0.99267578125,0.7455007110001046,42.16700529999798,0.0,0.0,0.0
510,entailment,entailment,0.9873046875,0.6120446215733939,39.86096699999325,0.017578125,0.8408203125,0.017578125
511,neutral,neutral,0.9970703125,0.6644385403647473,38.85591290000593,0.0,0.0,0.0
512,neutral,neutral,0.7265625,0.7957974866021922,42.608236599997326,0.2646484375,0.5625,-0.2646484375
513,contradiction,contradiction,0.998046875,0.7613115753278069,26.769987200001196,0.001953125,0.88525390625,0.001953125
514,entailment,entailment,0.98046875,0.46056263075773807,31.247912599996198,0.0,0.0,0.0
515,contradiction,neutral,0.5224609375,0.49435753669239446,31.494881300000998,0.03173828125,0.849609375,-0.03173828125
516,entailment,entailment,0.990234375,0.6074482478191288,39.51193179999973,0.294921875,0.67724609375,0.294921875
517,entailment,entailment,0.994140625,0.5192969220931298,43.47954690000188,0.0,0.0,0.0
518,neutral,neutral,0.7529296875,0.6365404653204243,31.49668219999876,0.18359375,0.791015625,-0.18359375
519,neutral,neutral,0.98779296875,0.6931419868533494,44.40748039999744,0.03125,0.68798828125,0.03125
520,entailment,entailment,0.97119140625,0.407539133534081,31.494975699999486,0.10498046875,0.67578125,0.10498046875
521,neutral,neutral,0.82568359375,0.6741410732229549,26.798154599993723,0.0947265625,0.6748046875,-0.0947265625
522,entailment,entailment,0.98974609375,0.6889450164186832,29.115555500000482,0.30078125,0.9619140625,0.30078125
523,entailment,entailment,0.92626953125,0.5396275362033558,47.612247999997635,0.00732421875,0.8359375,-0.00732421875
524,entailment,entailment,0.89697265625,0.6098340481928438,42.072986000006495,0.0751953125,0.56494140625,-0.0751953125
525,neutral,neutral,0.98779296875,0.5727058407189018,22.22992460000387,0.015625,0.76171875,0.015625
526,contradiction,contradiction,0.99755859375,0.6518385249365799,39.996546299997135,0.00048828125,0.8876953125,-0.00048828125
527,entailment,entailment,0.93115234375,0.5483239912860098,62.30956800000422,0.0302734375,0.517578125,-0.0302734375
528,neutral,entailment,0.7431640625,0.4893171597888877,36.00929859999451,0.1259765625,0.54296875,-0.1259765625
529,contradiction,contradiction,0.9970703125,0.8245919568132185,36.03211730000476,0.00244140625,0.6875,-0.00244140625
530,contradiction,contradiction,0.9765625,0.5376383102586977,29.436748799998895,0.0068359375,0.58935546875,-0.0068359375
531,contradiction,contradiction,0.9794921875,0.4222935622970575,34.52202600000601,0.208984375,0.45556640625,0.208984375
532,contradiction,contradiction,0.99951171875,0.6188937416889475,39.99552879999828,0.02685546875,0.8828125,0.02685546875
533,contradiction,contradiction,0.9990234375,0.4556313280796406,26.79112819999864,0.0,0.0,0.0
534,contradiction,neutral,0.9736328125,0.5463998865783664,42.714058000005025,0.31591796875,0.484375,0.31591796875
535,contradiction,contradiction,0.95703125,0.49728081612615793,57.464468999998644,0.13037109375,0.52734375,0.13037109375
536,contradiction,contradiction,0.716796875,0.33321977531298275,31.518789200003084,0.2802734375,0.476806640625,-0.2802734375
537,neutral,neutral,0.99609375,0.701176238871107,29.437956900001154,0.00048828125,0.9541015625,0.00048828125
538,contradiction,contradiction,0.99951171875,0.7083248644754369,31.319253300003766,0.2958984375,0.994140625,0.2958984375
539,contradiction,contradiction,0.998046875,0.4428057302701257,52.22102759999689,0.0,0.0,0.0
540,entailment,entailment,0.93359375,0.6770904390682397,42.061408100002154,0.5546875,0.63330078125,0.5546875
541,neutral,entailment,0.94775390625,0.5473708661831622,47.30141819999699,0.28515625,0.6767578125,0.28515625
542,contradiction,contradiction,0.99951171875,0.3919545687541526,31.51527669999632,0.0,0.0,0.0
543,entailment,entailment,0.9912109375,0.45570017795114837,34.512815100002626,0.021484375,0.541015625,0.021484375
544,contradiction,contradiction,0.99365234375,0.7622125716567175,28.862232499996026,0.39990234375,0.77587890625,0.39990234375
545,contradiction,contradiction,0.60693359375,0.5168474580617519,42.08642919999693,0.15087890625,0.59228515625,-0.15087890625
546,contradiction,neutral,0.7294921875,0.5219065618994918,39.94572779999726,0.2353515625,0.74462890625,-0.2353515625
547,neutral,entailment,0.98779296875,0.5286889541230522,31.34908859999996,0.125,0.8896484375,0.125
548,contradiction,contradiction,0.9775390625,0.5351149719282468,42.41145759999927,0.2919921875,0.87158203125,0.2919921875
549,neutral,neutral,0.9970703125,0.7578743964447571,33.207795400005125,0.0,0.86279296875,0.0
550,entailment,entailment,0.99365234375,0.5900220225780993,31.103971999997157,0.0380859375,0.79296875,0.0380859375
551,contradiction,neutral,0.93017578125,0.5327750172925927,35.71133579999878,0.25146484375,0.611328125,0.25146484375
552,neutral,neutral,0.65234375,0.4971341566920857,31.257472500001313,0.23974609375,0.89306640625,0.23974609375
553,neutral,entailment,0.931640625,0.6045302394711176,44.3386079999982,0.2548828125,0.8447265625,0.2548828125
554,contradiction,contradiction,0.99951171875,0.3532420888051242,18.230966699993587,0.0,0.0,0.0
555,contradiction,contradiction,0.9970703125,0.6524519575658462,29.027229200000875,0.13671875,0.994140625,0.13671875
556,entailment,entailment,0.456787109375,0.5826383989715185,29.320415600006527,0.240966796875,0.435546875,-0.240966796875
557,entailment,entailment,0.9697265625,0.3296899834873701,26.748138399998425,0.0,0.0,0.0
558,neutral,neutral,0.99658203125,0.7765470227432651,31.415510599996196,0.005859375,0.51025390625,0.005859375
559,entailment,entailment,0.99267578125,0.43470017960984997,26.346718300002976,0.0029296875,0.8720703125,0.0029296875
560,entailment,entailment,0.99072265625,0.7628841411409737,31.213323399999354,0.00927734375,0.8271484375,0.00927734375
561,contradiction,contradiction,0.99755859375,0.6432246650011005,38.515690899999754,0.0029296875,0.397705078125,0.0029296875
562,entailment,entailment,0.9921875,0.762453669236305,29.323114999999234,0.0185546875,0.9072265625,0.0185546875
563,entailment,entailment,0.99169921875,0.5706799515540284,22.244758300003014,0.0,0.0,0.0
564,entailment,entailment,0.990234375,0.6529743505946559,35.8955214000016,0.03173828125,0.96435546875,0.03173828125
565,neutral,entailment,0.7490234375,0.3438792249977103,31.48163370000111,0.00341796875,0.76611328125,-0.00341796875
566,neutral,contradiction,0.9453125,0.44626604127614633,44.150804299999436,0.0,0.0,0.0
567,contradiction,contradiction,0.99853515625,0.6836054077043412,33.55164330000116,0.05517578125,0.412353515625,0.05517578125
568,contradiction,contradiction,0.99853515625,0.5370955566043121,44.41022420000081,0.0,0.0,0.0
569,neutral,neutral,0.95751953125,0.8526253444344645,39.47422810000717,0.0205078125,0.90966796875,0.0205078125
570,entailment,entailment,0.98876953125,0.5192956319202985,24.988498699996853,0.0,0.0,0.0
571,entailment,entailment,0.94140625,0.33772171275237073,33.61974370000098,0.125,0.818359375,0.125
572,contradiction,contradiction,0.99755859375,0.48360900094307857,39.605666700001166,0.0,0.0,0.0
573,entailment,entailment,0.97119140625,0.4872219786776132,39.98062949999439,0.0,0.0,0.0
574,neutral,neutral,0.90478515625,0.7107357998646997,30.925981300002604,0.09228515625,0.79931640625,-0.09228515625
575,contradiction,entailment,0.79833984375,0.44007716752789905,35.83528139999544,0.25830078125,0.7294921875,0.25830078125
576,entailment,entailment,0.97265625,0.4353753810330725,34.49035569999978,0.4130859375,0.955078125,0.4130859375
577,neutral,neutral,0.99755859375,0.6675978419193894,47.667783800003235,0.0078125,0.55517578125,0.0078125
578,entailment,entailment,0.99267578125,0.7384273689757136,44.68100810000033,0.10546875,0.4287109375,0.10546875
579,contradiction,contradiction,0.82861328125,0.4106609524580932,53.18952269999863,0.1083984375,0.50439453125,-0.1083984375
580,neutral,neutral,0.99755859375,0.7169253133907738,44.17443469999853,0.0,0.69677734375,0.0
581,entailment,entailment,0.9853515625,0.5046983699033718,31.49485779999668,0.0458984375,0.95947265625,0.0458984375
582,entailment,entailment,0.9814453125,0.7664063576192631,35.91341409999586,0.013671875,0.82177734375,0.013671875
583,entailment,entailment,0.99169921875,0.6024570992219389,47.4930419999946,0.05810546875,0.970703125,0.05810546875
584,entailment,contradiction,0.91943359375,0.49809884676187044,44.48364360000414,0.04052734375,0.40185546875,0.04052734375
585,contradiction,contradiction,0.9501953125,0.7438796724157747,33.32997769999929,0.06103515625,0.71630859375,0.06103515625
586,neutral,entailment,0.9345703125,0.551810145840858,29.059464099998877,0.37890625,0.89453125,0.37890625
587,neutral,neutral,0.994140625,0.6063444802832034,44.388949899999716,0.2060546875,0.8369140625,0.2060546875
588,contradiction,contradiction,0.99951171875,0.44332320798109737,31.451006700001017,0.0,0.0,0.0
589,neutral,neutral,0.806640625,0.700677347318283,42.04017929999827,0.083984375,0.74462890625,0.083984375
590,contradiction,contradiction,0.98828125,0.5470129889385057,31.667356799996924,0.001953125,0.97802734375,-0.001953125
591,contradiction,contradiction,0.97998046875,0.7766189963678156,39.54794250000123,0.02978515625,0.7841796875,0.02978515625
592,contradiction,contradiction,0.99853515625,0.5891610108358982,29.378698599997733,0.0009765625,0.50439453125,0.0009765625
593,neutral,entailment,0.98095703125,0.468786622287618,44.06893729999865,0.00390625,0.64453125,-0.00390625
594,entailment,entailment,0.99169921875,0.7126240529438783,57.156855900000664,0.0107421875,0.9833984375,0.0107421875
595,neutral,neutral,0.9755859375,0.6760434755192475,39.37196689999837,0.0048828125,0.484619140625,0.0048828125
596,contradiction,contradiction,0.99853515625,0.5131172092997665,44.18509559999802,0.15087890625,0.93017578125,0.15087890625
597,contradiction,contradiction,0.99951171875,0.4074526561716437,26.616475300004822,0.00048828125,0.9443359375,0.00048828125
598,contradiction,neutral,0.8759765625,0.6103862343133041,34.2461203999992,0.17626953125,0.63330078125,0.17626953125
599,contradiction,contradiction,0.99951171875,0.6500048570720969,26.617451700003585,0.0048828125,0.50244140625,0.0048828125
600,entailment,neutral,0.7041015625,0.6261310011794832,44.23163420000492,0.05859375,0.6923828125,0.05859375
601,contradiction,contradiction,0.9951171875,0.5840181670997104,57.099438499993994,0.00390625,0.99853515625,0.00390625
602,neutral,neutral,0.98291015625,0.7316644061065767,35.77011399999901,0.23681640625,0.47412109375,0.23681640625
603,neutral,neutral,0.99609375,0.7523756329747477,31.320378600001277,0.0,0.0,0.0
604,neutral,neutral,0.99755859375,0.684853123960921,39.728395199999795,0.0009765625,0.818359375,0.0009765625
605,entailment,entailment,0.982421875,0.5388904266960921,35.578987799999595,0.03369140625,0.86376953125,0.03369140625
606,neutral,neutral,0.99755859375,0.5900952752427107,31.345462899997074,0.00439453125,0.80810546875,0.00439453125
607,contradiction,contradiction,0.99951171875,0.5910245658641519,51.00674699999945,0.0,0.0,0.0
608,contradiction,contradiction,0.982421875,0.3107974926044852,29.215960199995607,0.0048828125,0.92822265625,0.0048828125
609,contradiction,contradiction,0.87109375,0.532170486497044,35.78885440000158,0.11474609375,0.6455078125,0.11474609375
610,contradiction,contradiction,0.9619140625,0.5007468355635522,28.99221789999865,0.0,0.0,0.0
611,entailment,entailment,0.97998046875,0.5092117235327709,31.337417099995946,0.0,0.0,0.0
612,neutral,neutral,0.9970703125,0.6966567159278196,39.35733259999688,0.24755859375,0.490234375,0.24755859375
613,entailment,entailment,0.98095703125,0.703940558125461,33.6930194000015,0.30322265625,0.97607421875,0.30322265625
614,entailment,entailment,0.77783203125,0.3904801972369405,53.44858219999878,0.0,0.0,0.0
615,entailment,entailment,0.9931640625,0.7345311768549023,31.289139399996202,0.0029296875,0.96044921875,0.0029296875
616,entailment,entailment,0.6435546875,0.40717350864665214,41.8904360000015,0.13427734375,0.43310546875,-0.13427734375
617,entailment,entailment,0.990234375,0.7316189813064222,35.77905770000507,0.0107421875,0.78564453125,0.0107421875
618,entailment,entailment,0.99267578125,0.91854232992809,41.74804310000036,0.00927734375,0.865234375,0.00927734375
619,contradiction,neutral,0.55126953125,0.38668622513692175,31.333062099998642,0.1484375,0.55029296875,-0.1484375
620,contradiction,contradiction,0.99755859375,0.5443396614299147,34.30559899999935,0.0,0.0,0.0
621,entailment,entailment,0.99169921875,0.5643705721574137,51.67546630000288,0.07958984375,0.76171875,0.07958984375
622,neutral,neutral,0.79736328125,0.8015870951876787,31.318255400001362,0.05078125,0.896484375,-0.05078125
623,neutral,neutral,0.99755859375,0.6578136437560184,34.25930170000356,0.29736328125,0.97705078125,0.29736328125
624,contradiction,contradiction,0.81201171875,0.5195810162095077,28.90855260000535,0.236328125,0.505859375,0.236328125
625,entailment,entailment,0.82666015625,0.43655328574428875,31.126172000003862,0.10107421875,0.791015625,-0.10107421875
626,contradiction,contradiction,0.99951171875,0.4003883553179137,35.774806100002024,0.0029296875,0.9228515625,0.0029296875
627,neutral,entailment,0.8720703125,0.516840686761068,38.63079540000035,0.22021484375,0.646484375,0.22021484375
628,entailment,entailment,0.982421875,0.6204310185654076,34.27208830000018,0.34765625,0.77685546875,0.34765625
629,contradiction,contradiction,0.99853515625,0.5131153132453107,31.32326109999849,0.0,0.0,0.0
630,entailment,entailment,0.99169921875,0.5430099237798774,35.60476490000292,0.4521484375,0.89794921875,0.4521484375
631,neutral,neutral,0.9716796875,0.599617033885709,34.251358000001346,0.224609375,0.966796875,0.224609375
632,entailment,entailment,0.9921875,0.5250386955285242,42.443749600002775,0.02001953125,0.89404296875,0.02001953125
633,neutral,entailment,0.70751953125,0.4175542732965597,26.626245799998287,0.134765625,0.8310546875,0.134765625
634,contradiction,contradiction,0.9990234375,0.5692788785352795,28.892883299995447,0.474609375,0.9716796875,0.474609375
635,entailment,entailment,0.958984375,0.5206914425988349,35.79599479999888,0.05859375,0.8251953125,0.05859375
636,contradiction,contradiction,0.99853515625,0.3961278083842422,24.781908799996017,0.001953125,0.91552734375,0.001953125
637,neutral,neutral,0.87060546875,0.7098218373905402,34.25210479999805,0.23876953125,0.517578125,0.23876953125
638,contradiction,contradiction,0.9990234375,0.5078557279617395,33.406505499995546,0.00146484375,0.94140625,0.00146484375
639,contradiction,contradiction,0.8466796875,0.6655964738755444,50.80434489999607,0.0,0.0,0.0
640,entailment,entailment,0.98974609375,0.44877276861099813,51.82080220000353,0.00537109375,0.64111328125,0.00537109375
641,contradiction,contradiction,0.9990234375,0.480198885912148,31.315064100002928,0.001953125,0.90576171875,0.001953125
642,neutral,entailment,0.9599609375,0.6418215290368421,39.71313430000009,0.03125,0.6337890625,0.03125
643,neutral,neutral,0.9873046875,0.6069041450414638,39.35995700000058,0.0947265625,0.85595703125,0.0947265625
644,neutral,neutral,0.99755859375,0.8656451323177663,34.18654240000615,0.07177734375,0.5556640625,0.07177734375
645,contradiction,neutral,0.994140625,0.690644234615275,35.436697700002696,0.162109375,0.9072265625,0.162109375
646,contradiction,contradiction,0.96923828125,0.5358237482087272,53.451486499994644,0.476318359375,0.5634765625,0.476318359375
647,contradiction,contradiction,0.99951171875,0.7892181130786227,26.621184399999038,0.2646484375,0.9892578125,0.2646484375
648,contradiction,neutral,0.99658203125,0.4807236318294642,33.404037100001005,0.24462890625,0.85791015625,0.24462890625
649,contradiction,contradiction,0.7744140625,0.38577025656508,35.58258519999799,0.2109375,0.54345703125,0.2109375
650,neutral,neutral,0.9970703125,0.7247426443208902,26.416711300000316,0.50537109375,0.98486328125,0.50537109375
651,contradiction,neutral,0.95068359375,0.5481480737672904,31.15274700000009,0.0,0.0,0.0
652,entailment,entailment,0.99169921875,0.7766324535959542,28.88802339999529,0.0205078125,0.89306640625,0.0205078125
653,entailment,entailment,0.978515625,0.8158413800064435,41.80532479999965,0.08154296875,0.81591796875,0.08154296875
654,entailment,entailment,0.99072265625,0.7289388114782284,35.293227100002696,0.0,0.0,0.0
655,contradiction,contradiction,0.994140625,0.6224479577796505,33.69506150000234,0.0,0.0,0.0
656,contradiction,contradiction,0.99560546875,0.7343713716648188,44.198546700004954,0.02734375,0.98095703125,0.02734375
657,contradiction,contradiction,0.9990234375,0.5984300485987852,33.90377079999598,0.0,0.0,0.0
658,neutral,neutral,0.9765625,0.5390955659479393,44.26138689999789,0.06591796875,0.8818359375,0.06591796875
659,neutral,neutral,0.99755859375,0.6812044553810419,39.75139379999746,0.04150390625,0.58740234375,0.04150390625
660,contradiction,contradiction,0.99365234375,0.5595223059712271,44.257485900001484,0.00146484375,0.74853515625,-0.00146484375
661,neutral,entailment,0.93896484375,0.5090582918537282,31.37443030000577,0.0,0.0,0.0
662,neutral,neutral,0.96142578125,0.6350683890919013,44.19987140000012,0.03564453125,0.5029296875,-0.03564453125
663,contradiction,contradiction,0.998046875,0.589138898119226,53.30544319999899,0.013671875,0.9833984375,0.013671875
664,contradiction,entailment,0.5927734375,0.5160562390604835,29.22823149999749,0.0361328125,0.56787109375,-0.0361328125
665,neutral,neutral,0.99755859375,0.6820262371227024,56.77869869999995,0.0009765625,0.9169921875,0.0009765625
666,neutral,neutral,0.99755859375,0.5196188601493454,47.29595240000344,0.0,0.99365234375,0.0
667,contradiction,contradiction,0.99853515625,0.4303873197527994,34.31752309999865,0.0,0.0,0.0
668,contradiction,neutral,0.71533203125,0.5850323697927593,59.944729999995616,0.16650390625,0.72900390625,-0.16650390625
669,neutral,neutral,0.99755859375,0.6325678276524744,35.55473239999992,0.03955078125,0.93115234375,0.03955078125
670,entailment,entailment,0.95849609375,0.6698061130402462,31.113102499999513,0.1962890625,0.7099609375,0.1962890625
671,contradiction,neutral,0.55029296875,0.4816807776676809,33.244110899999214,0.2939453125,0.84912109375,-0.2939453125
672,contradiction,contradiction,0.9990234375,0.3527466882615692,31.152840599999763,0.00537109375,0.9443359375,0.00537109375
673,contradiction,neutral,0.70947265625,0.38367719193946914,43.84294670000236,0.162109375,0.8955078125,0.162109375
674,neutral,neutral,0.55419921875,0.4254298309881138,33.477602099999785,0.32470703125,0.9580078125,-0.32470703125
675,neutral,neutral,0.99365234375,0.776775284897399,44.21296829999483,0.00146484375,0.81494140625,-0.00146484375
676,entailment,entailment,0.974609375,0.5798534676470652,24.4630063999939,0.01171875,0.9052734375,0.01171875
677,contradiction,contradiction,0.998046875,0.7812309194205656,31.343795700006012,0.16845703125,0.97705078125,0.16845703125
678,entailment,entailment,0.97021484375,0.4193064588443639,30.955880599998636,0.0,0.0,0.0
679,entailment,contradiction,0.71142578125,0.5479074788627436,46.752207800003816,0.24609375,0.828125,-0.24609375
680,contradiction,contradiction,0.99853515625,0.5354051384886416,34.27752160000091,0.0,0.0,0.0
681,contradiction,contradiction,0.87939453125,0.40024251937323707,49.79158610000013,0.0029296875,0.68359375,0.0029296875
682,neutral,neutral,0.9912109375,0.631114054569456,47.0229204999996,0.41259765625,0.73779296875,0.41259765625
683,contradiction,contradiction,0.9990234375,0.5551911814308046,26.638823200002662,0.0,0.0,0.0
684,entailment,entailment,0.99072265625,0.5896855552308415,26.63171809999767,0.02197265625,0.98291015625,0.02197265625
685,entailment,entailment,0.763671875,0.4959549974332982,39.38922720000119,0.1416015625,0.456787109375,-0.1416015625
686,entailment,contradiction,0.6005859375,0.6096620036382845,31.12978049999947,0.0,0.0,0.0
687,neutral,neutral,0.99609375,0.7743027075147063,26.4263856999969,0.6005859375,0.740234375,0.6005859375
688,neutral,neutral,0.98974609375,0.8596217954909864,45.97384059999604,0.45166015625,0.5068359375,0.45166015625
689,contradiction,contradiction,0.990234375,0.7371146022951034,30.75167379999766,0.0,0.0,0.0
690,contradiction,contradiction,0.88232421875,0.4644040176245159,41.83132270000351,0.298828125,0.70703125,0.298828125
691,contradiction,contradiction,0.9345703125,0.4691598804308532,35.621332800001255,0.23876953125,0.75830078125,0.23876953125
692,entailment,entailment,0.833984375,0.5459041530604396,35.592155500002264,0.03564453125,0.75830078125,-0.03564453125
693,contradiction,contradiction,0.99609375,0.5713959183145008,31.341667900000175,0.19091796875,0.9990234375,0.19091796875
694,neutral,neutral,0.99755859375,0.7270065900637812,35.592178500002774,0.02685546875,0.970703125,0.02685546875
695,entailment,entailment,0.609375,0.5175984514719415,44.212437000001955,0.0107421875,0.78173828125,0.0107421875
696,entailment,entailment,0.98193359375,0.7858238479970417,31.35789260000456,0.0771484375,0.95654296875,0.0771484375
697,neutral,neutral,0.99755859375,0.7122814431781166,39.69990699999471,0.09619140625,0.8779296875,0.09619140625
698,neutral,neutral,0.865234375,0.6084382089269273,31.342186000001675,0.1015625,0.90478515625,-0.1015625
699,contradiction,contradiction,0.9775390625,0.42211211913864133,33.42717419999826,0.412109375,0.94091796875,0.412109375
700,entailment,entailment,0.99365234375,0.5518464213050989,61.98404789999768,0.0,0.0,0.0
701,contradiction,contradiction,0.99951171875,0.3456312747062734,34.30290310000419,0.0,0.81494140625,0.0
702,contradiction,contradiction,0.9912109375,0.7511784572193446,35.629253800005245,0.0556640625,0.56201171875,0.0556640625
703,entailment,entailment,0.95751953125,0.48990179393163913,31.378950400001486,0.27197265625,0.71484375,0.27197265625
704,entailment,entailment,0.9912109375,0.7869441342423994,26.63557330000185,0.08642578125,0.95263671875,0.08642578125
705,entailment,entailment,0.98046875,0.48476365494206797,39.03575530000671,0.0,0.0,0.0
706,neutral,entailment,0.90283203125,0.47203823658289523,26.619728400000895,0.24365234375,0.74951171875,0.24365234375
707,contradiction,contradiction,0.75439453125,0.37498318394315044,24.505497999998624,0.15673828125,0.453857421875,-0.15673828125
708,neutral,neutral,0.99755859375,0.6609938934372779,49.01863559999765,0.0,0.8466796875,0.0
709,contradiction,entailment,0.8330078125,0.7419748521140647,51.26375809999445,0.080078125,0.65771484375,-0.080078125
710,contradiction,contradiction,0.982421875,0.6302157782751581,47.38255090000166,0.01513671875,0.8828125,-0.01513671875
711,entailment,entailment,0.98095703125,0.6646049789653328,33.06693720000476,0.1064453125,0.89453125,0.1064453125
712,entailment,entailment,0.98876953125,0.5214712578463825,51.051741700001,0.04541015625,0.91015625,0.04541015625
713,entailment,entailment,0.990234375,0.6084073199947493,33.43788029999996,0.00146484375,0.78515625,-0.00146484375
714,contradiction,contradiction,0.9970703125,0.5705701050456031,28.936671499999647,0.01611328125,0.98486328125,0.01611328125
715,neutral,neutral,0.8681640625,0.6461531684550401,39.39330920000066,0.103515625,0.93310546875,-0.103515625
716,contradiction,contradiction,0.9921875,0.4381508227071893,53.49902440000005,0.0,0.0,0.0
717,contradiction,contradiction,0.99853515625,0.5342414676639236,56.78905230000237,0.00341796875,0.71875,0.00341796875
718,contradiction,contradiction,0.99755859375,0.5396825364700422,39.38718979999976,0.130859375,0.9033203125,0.130859375
719,contradiction,contradiction,0.869140625,0.6043160836589299,39.7412667000026,0.22412109375,0.90673828125,0.22412109375
720,neutral,neutral,0.99755859375,0.7453647973422424,39.429325700002664,0.478515625,0.939453125,0.478515625
721,contradiction,contradiction,0.9970703125,0.5644719838900967,24.741902600006142,0.0009765625,0.86669921875,0.0009765625
722,neutral,neutral,0.9970703125,0.7253802183107263,35.78037690000201,0.5107421875,0.9375,0.5107421875
723,contradiction,contradiction,0.84033203125,0.5653256133736221,31.250377399999707,0.365478515625,0.5009765625,0.365478515625
724,entailment,entailment,0.99072265625,0.5525978707068223,33.20116770000459,0.0,0.0,0.0
725,entailment,entailment,0.9716796875,0.5025896196617723,26.347918300001766,0.0859375,0.94482421875,0.0859375
726,neutral,neutral,0.99755859375,0.7473098299453241,44.16997170000104,0.02587890625,0.61279296875,0.02587890625
727,neutral,neutral,0.9970703125,0.7559122886839629,31.243332799997006,0.169921875,0.9912109375,0.169921875
728,entailment,entailment,0.99267578125,0.6128176788486235,39.36809090000315,0.00048828125,0.9375,0.00048828125
729,entailment,neutral,0.99755859375,0.7213033060442533,47.03846799999883,0.2021484375,0.9873046875,0.2021484375
730,entailment,entailment,0.9921875,0.5250605987095835,39.84141559999989,0.02001953125,0.476806640625,0.02001953125
731,neutral,neutral,0.81396484375,0.6493653222685736,31.36819259999902,0.1591796875,0.7744140625,-0.1591796875
732,neutral,neutral,0.99755859375,0.6995026376949955,42.18968550000136,0.15087890625,0.95361328125,0.15087890625
733,neutral,neutral,0.99755859375,0.6275262309737313,34.16732469999988,0.0009765625,0.499755859375,0.0009765625
734,contradiction,contradiction,0.9990234375,0.698913578057677,51.55950909999956,0.56005859375,0.99951171875,0.56005859375
735,neutral,neutral,0.99609375,0.6463409532657924,34.23363380000228,0.0068359375,0.7138671875,0.0068359375
736,neutral,neutral,0.90283203125,0.46291967949918655,47.35892900000181,0.06396484375,0.90673828125,0.06396484375
737,neutral,neutral,0.99755859375,0.5543904634804429,35.46506409999711,0.1083984375,0.48486328125,0.1083984375
738,entailment,entailment,0.99365234375,0.6540366311040439,33.4261977999995,0.01708984375,0.97607421875,0.01708984375
739,entailment,entailment,0.98583984375,0.7366454371584211,35.48109939999995,0.025390625,0.8017578125,0.025390625
740,neutral,neutral,0.99560546875,0.7407125995128413,34.36146430000372,0.24755859375,0.99755859375,0.24755859375
741,entailment,entailment,0.9912109375,0.8790437489173534,39.42960889999813,0.0869140625,0.9560546875,0.0869140625
742,contradiction,contradiction,0.990234375,0.6408323548850995,34.28401770000346,0.01220703125,0.90966796875,0.01220703125
743,contradiction,contradiction,0.99951171875,0.5149738550883319,41.10417510000116,0.0,0.0,0.0
744,entailment,entailment,0.7841796875,0.3554208116573472,28.95922799999971,0.06640625,0.85498046875,0.06640625
745,contradiction,contradiction,0.958984375,0.32441598529883553,35.5965303999983,0.6015625,0.495849609375,0.6015625
746,contradiction,contradiction,0.98974609375,0.7634243643976037,33.45593849999568,0.0068359375,0.82763671875,-0.0068359375
747,neutral,neutral,0.99755859375,0.547720548923575,34.07253700000001,0.0009765625,0.763671875,0.0009765625
748,contradiction,contradiction,0.99951171875,0.5827257962131636,39.76369760000671,0.01806640625,0.9765625,0.01806640625
749,neutral,neutral,0.99755859375,0.6751128846304173,28.915222700001323,0.001953125,0.931640625,0.001953125
750,entailment,entailment,0.97509765625,0.5528165291262144,31.3480619999973,0.22216796875,0.78564453125,0.22216796875
751,neutral,neutral,0.99755859375,0.6349598946720936,29.24259780000284,0.04150390625,0.83740234375,0.04150390625
752,neutral,neutral,0.97021484375,0.7929338577024214,39.76510589999816,0.23974609375,0.6923828125,0.23974609375
753,neutral,neutral,0.99560546875,0.5155611388428647,26.434529800004384,0.00244140625,0.89697265625,0.00244140625
754,contradiction,contradiction,0.96435546875,0.5059648040706499,35.63666119999834,0.0,0.0,0.0
755,contradiction,contradiction,0.71728515625,0.5350479662522805,51.93867949999549,0.08740234375,0.5771484375,-0.08740234375
756,entailment,entailment,0.96337890625,0.6179246080273004,51.05561519999901,0.0546875,0.76806640625,0.0546875
757,entailment,entailment,0.6318359375,0.4728395443117016,33.437643799996295,0.34716796875,0.5810546875,-0.34716796875
758,neutral,contradiction,0.94873046875,0.5553400227250163,47.06786850000208,0.11669921875,0.826171875,0.11669921875
759,contradiction,contradiction,0.99853515625,0.5549391134208341,29.20950029999949,0.29833984375,0.82373046875,0.29833984375
760,contradiction,contradiction,0.96875,0.4844421446051549,48.899385800003074,0.03369140625,0.77294921875,0.03369140625
761,contradiction,neutral,0.77978515625,0.5153038777978852,31.121015600001556,0.09033203125,0.912109375,-0.09033203125
762,entailment,entailment,0.98583984375,0.676419478531196,39.29181619999872,0.27685546875,0.89404296875,0.27685546875
763,neutral,neutral,0.99755859375,0.654962615304291,29.18186119999882,0.19921875,0.5849609375,0.19921875
764,neutral,neutral,0.56787109375,0.483792989669666,28.8424062999984,0.41064453125,0.8330078125,-0.41064453125
765,entailment,entailment,0.9873046875,0.7002913997401955,39.33387689999654,0.080078125,0.966796875,0.080078125
766,entailment,entailment,0.990234375,0.6315999675318646,60.12270429999626,0.0986328125,0.7890625,0.0986328125
767,entailment,entailment,0.9921875,0.602751651003263,35.71283519999997,0.00146484375,0.880859375,0.00146484375
768,contradiction,contradiction,0.99951171875,0.599355437784699,24.489716600000975,0.00048828125,0.98583984375,0.00048828125
769,entailment,entailment,0.9794921875,0.7900506291985551,26.555851999997685,0.16650390625,0.88134765625,0.16650390625
770,neutral,neutral,0.99755859375,0.7921652979694156,44.34591029999865,0.072265625,0.91845703125,0.072265625
771,contradiction,contradiction,0.96630859375,0.5826191938606246,39.39578459999757,0.11376953125,0.99267578125,0.11376953125
772,contradiction,contradiction,0.99560546875,0.46149619411902754,33.24476549999963,0.0,0.0,0.0
773,neutral,neutral,0.99560546875,0.582517232146223,33.01141159999679,0.03662109375,0.5263671875,0.03662109375
774,contradiction,contradiction,0.9892578125,0.5563226039991241,42.48103980000451,0.00146484375,0.88427734375,0.00146484375
775,entailment,entailment,0.953125,0.675746586557499,34.291766800000914,0.23876953125,0.76806640625,0.23876953125
776,entailment,entailment,0.9677734375,0.3931604356824947,51.92061459999968,0.04150390625,0.79052734375,0.04150390625
777,neutral,neutral,0.99755859375,0.5980354328576872,35.61529120000341,0.380859375,0.51904296875,0.380859375
778,entailment,entailment,0.923828125,0.435494158541452,28.942064599999867,0.27099609375,0.92578125,0.27099609375
779,neutral,entailment,0.53125,0.6257625343647808,47.32940819999931,0.05810546875,0.55810546875,-0.05810546875
780,contradiction,neutral,0.5458984375,0.3836211523603428,33.51049570000032,0.42138671875,0.99365234375,-0.42138671875
781,neutral,neutral,0.99755859375,0.6353430046391013,34.03119549999974,0.28271484375,0.60107421875,0.28271484375
782,contradiction,contradiction,0.9853515625,0.5817168122263985,39.728237700001046,0.365234375,0.89208984375,0.365234375
783,neutral,neutral,0.99755859375,0.7093892483912507,35.45193619999918,0.0,0.91162109375,0.0
784,neutral,entailment,0.94384765625,0.47957961144871963,44.225954000001366,0.046875,0.583984375,-0.046875
785,neutral,neutral,0.65380859375,0.5811256467031701,51.878532599999744,0.015625,0.923828125,0.015625
786,entailment,entailment,0.9853515625,0.7395074645448416,44.2279481000005,0.08447265625,0.60302734375,0.08447265625
787,neutral,neutral,0.99755859375,0.7183273752805137,34.268910899998446,0.00048828125,0.56787109375,0.00048828125
788,contradiction,contradiction,0.98681640625,0.6172349752361802,31.153191999997944,0.009765625,0.86962890625,0.009765625
789,neutral,neutral,0.99755859375,0.8075872092029608,38.3142355999953,0.0,0.0,0.0
790,neutral,neutral,0.99755859375,0.6966842987956003,47.40120520000346,0.3994140625,0.9609375,0.3994140625
791,contradiction,contradiction,0.998046875,0.5795508489943793,34.3174319000027,0.2841796875,0.7958984375,0.2841796875
792,neutral,neutral,0.9970703125,0.68507800128853,34.271982500002196,0.2998046875,0.97998046875,0.2998046875
793,contradiction,contradiction,0.998046875,0.6265419635490344,50.62621239999862,0.0,0.56201171875,0.0
794,neutral,neutral,0.9521484375,0.8383890881491239,31.14240179999615,0.037109375,0.91943359375,-0.037109375
795,contradiction,neutral,0.76708984375,0.4547595162559428,34.27455679999548,0.146484375,0.65771484375,-0.146484375
796,neutral,neutral,0.99755859375,0.6233176994168044,35.82435219999752,0.02734375,0.53515625,0.02734375
797,contradiction,contradiction,0.9990234375,0.664899838106748,39.3913823000039,0.0,0.0,0.0
798,neutral,neutral,0.984375,0.8138931795942688,35.11815159999969,0.0615234375,0.85400390625,0.0615234375
799,contradiction,contradiction,0.99609375,0.4152583555002223,33.024996699998155,0.00341796875,0.60107421875,-0.00341796875
800,neutral,entailment,0.91796875,0.3746172024131511,42.500591999996686,0.0,0.0,0.0
801,contradiction,contradiction,0.990234375,0.5420150820577769,29.265475999993214,0.31787109375,0.6708984375,0.31787109375
802,neutral,neutral,0.99755859375,0.8320366832921815,26.665140400000382,0.0,0.86669921875,0.0
803,contradiction,contradiction,0.9482421875,0.5399402687850903,35.800111800002924,0.43701171875,0.87646484375,0.43701171875
804,contradiction,neutral,0.994140625,0.5386633171486104,31.16756560000067,0.00537109375,0.72900390625,0.00537109375
805,neutral,neutral,0.9931640625,0.5818376350728856,35.80726499999582,0.496337890625,0.9013671875,0.496337890625
806,neutral,neutral,0.67578125,0.49838141142271464,52.890962900004524,0.0,0.0,0.0
807,contradiction,contradiction,0.93896484375,0.5376501153411108,24.86694279999938,0.27294921875,0.90234375,0.27294921875
808,neutral,entailment,0.5166015625,0.49670905761344597,47.31824619999679,0.36865234375,0.388671875,-0.36865234375
809,entailment,entailment,0.98779296875,0.5345016108357529,35.4736797000005,0.0302734375,0.7197265625,0.0302734375
810,entailment,entailment,0.98974609375,0.5812836329462912,35.51620230000117,0.04443359375,0.84521484375,0.04443359375
811,neutral,neutral,0.8251953125,0.5003157511529772,57.17879489999905,0.060546875,0.8955078125,0.060546875
812,entailment,entailment,0.990234375,0.66374070574416,35.80917000000045,0.05126953125,0.97998046875,0.05126953125
813,neutral,entailment,0.95458984375,0.3214310126648735,26.435564600004,0.0,0.0,0.0
814,entailment,neutral,0.99755859375,0.8697289537067115,39.38617830000294,0.02099609375,0.78515625,0.02099609375
815,contradiction,contradiction,0.99853515625,0.46690138577332463,31.368641000000935,0.0,0.0,0.0
816,neutral,neutral,0.98095703125,0.6305742109659392,31.33730459999788,0.423828125,0.57958984375,0.423828125
817,neutral,entailment,0.8154296875,0.4792175329133884,35.62395099999412,0.0,0.0,0.0
818,neutral,neutral,0.99755859375,0.6243802860816845,26.614307100004226,0.04296875,0.54931640625,0.04296875
819,entailment,entailment,0.994140625,0.5143927123549368,29.250369199995475,0.0,0.82177734375,0.0
820,contradiction,neutral,0.78271484375,0.6368605167765348,31.420427500001097,0.0,0.0,0.0
821,neutral,entailment,0.73583984375,0.2748169457425125,26.31696699999884,0.19091796875,0.701171875,0.19091796875
822,entailment,entailment,0.99365234375,0.5468753800429123,41.839265100003104,0.015625,0.77880859375,0.015625
823,contradiction,contradiction,0.9990234375,0.45558336161999813,29.269056699995417,0.0,0.0,0.0
824,neutral,neutral,0.9970703125,0.7801386102131668,51.82374600000185,0.29345703125,0.81005859375,0.29345703125
825,neutral,neutral,0.9130859375,0.5703117688667609,26.66768289999891,0.0166015625,0.814453125,-0.0166015625
826,entailment,entailment,0.98974609375,0.6542065851998746,29.213452800002415,0.1025390625,0.83740234375,0.1025390625
827,entailment,neutral,0.8876953125,0.6053451872244773,28.99358519999805,0.2958984375,0.736328125,0.2958984375
828,entailment,entailment,0.98291015625,0.4286954721562992,35.77754940000159,0.0,0.904296875,0.0
829,entailment,entailment,0.98779296875,0.5916108487086363,18.172389700004715,,,
830,entailment,entailment,0.97314453125,0.7071278889465042,35.79269500000373,0.2744140625,0.9443359375,0.2744140625
831,entailment,neutral,0.9912109375,0.6779080939678097,28.959239000003436,0.353515625,0.798828125,0.353515625
832,neutral,neutral,0.99755859375,0.6936504228858902,47.35810450000281,0.00390625,0.69091796875,0.00390625
833,contradiction,contradiction,0.67626953125,0.412471399696009,39.775938300001144,0.0,0.0,0.0
834,neutral,neutral,0.99755859375,0.6944765630923972,26.427082000001974,0.025390625,0.8291015625,0.025390625
835,neutral,neutral,0.99365234375,0.7705059748190679,33.22509729999729,0.0009765625,0.86328125,0.0009765625
836,contradiction,contradiction,0.99853515625,0.46001057007913515,30.743499500000325,0.00048828125,0.91015625,-0.00048828125
837,contradiction,neutral,0.99755859375,0.5729518490305071,50.431089599995175,0.52197265625,0.791015625,0.52197265625
838,entailment,entailment,0.97998046875,0.4013846495784855,42.45343529999809,0.0,0.0,0.0
839,entailment,entailment,0.984375,0.6204653397441489,29.249579399998765,0.01806640625,0.92529296875,0.01806640625
840,contradiction,contradiction,0.8837890625,0.4398780707559412,33.29892689999542,0.0,0.0,0.0
841,neutral,neutral,0.6142578125,0.5239748811780354,43.40200880000339,0.37890625,0.9169921875,-0.37890625
842,entailment,entailment,0.99365234375,0.8004806843631023,41.85822819999885,0.041015625,0.97021484375,0.041015625
843,entailment,entailment,0.88916015625,0.6364432264736053,39.73305809999874,0.1708984375,0.71435546875,0.1708984375
844,entailment,entailment,0.990234375,0.595548152929642,29.235074000003806,0.00634765625,0.89453125,0.00634765625
845,neutral,neutral,0.96923828125,0.6697525737522572,39.03157210000063,0.0205078125,0.71044921875,0.0205078125
846,entailment,entailment,0.93896484375,0.6386176154461569,29.226868799996737,0.19482421875,0.79931640625,0.19482421875
847,contradiction,neutral,0.9482421875,0.6024386824574801,47.33804439999949,0.15087890625,0.56298828125,0.15087890625
848,entailment,entailment,0.9912109375,0.7678599808258437,31.13996279999992,0.05859375,0.9892578125,0.05859375
849,contradiction,contradiction,0.990234375,0.5548805823090317,28.93670790000033,0.376953125,0.71337890625,0.376953125
850,neutral,neutral,0.6787109375,0.6320883654247466,31.34348360000149,0.16259765625,0.5556640625,-0.16259765625
851,contradiction,contradiction,0.9990234375,0.5592984319086256,41.92799980000564,0.34033203125,0.4111328125,0.34033203125
852,entailment,entailment,0.962890625,0.4283149723402747,26.399967299999844,0.0419921875,0.80712890625,0.0419921875
853,contradiction,contradiction,0.88671875,0.43117934588617846,35.79042959999788,0.044921875,0.99365234375,0.044921875
854,neutral,neutral,0.96484375,0.5932798443796792,35.7561343999987,0.46923828125,0.88330078125,0.46923828125
855,neutral,neutral,0.9951171875,0.7287953763184225,35.78807339999912,0.03369140625,0.68359375,0.03369140625
856,neutral,neutral,0.9833984375,0.8248395496793167,44.175608999998076,0.0,0.0,0.0
857,contradiction,contradiction,0.99951171875,0.6552976826712833,33.38214589999552,0.583984375,0.9990234375,0.583984375
858,entailment,entailment,0.98974609375,0.4363774842353505,31.139056200001505,0.015625,0.8916015625,0.015625
859,entailment,entailment,0.81005859375,0.6031325230558375,48.11713079999754,0.1689453125,0.7783203125,-0.1689453125
860,contradiction,contradiction,0.96728515625,0.4510227329744365,28.774774999998044,0.0,0.0,0.0
861,entailment,entailment,0.978515625,0.5862309918121866,26.461598499998217,0.0,0.0,0.0
862,contradiction,contradiction,0.72802734375,0.4724666190458574,26.61624280000251,0.24951171875,0.5947265625,-0.24951171875
863,entailment,entailment,0.99267578125,0.7048105750014001,35.81327890000102,0.10302734375,0.65087890625,0.10302734375
864,entailment,entailment,0.990234375,0.46840872118373156,35.57778479999979,0.0703125,0.87841796875,0.0703125
865,entailment,entailment,0.95947265625,0.5839282312644527,31.010718999998062,0.05859375,0.87646484375,0.05859375
866,contradiction,contradiction,0.99755859375,0.5531600369556533,26.273292600002605,0.052734375,0.97705078125,0.052734375
867,contradiction,contradiction,0.9990234375,0.556161143376509,41.83071539999946,0.0,0.0,0.0
868,contradiction,neutral,0.89892578125,0.4782331480448824,59.98162930000399,0.2578125,0.8525390625,0.2578125
869,neutral,neutral,0.99755859375,0.6925233076151582,35.7885282999996,0.00341796875,0.978515625,0.00341796875
870,neutral,neutral,0.99755859375,0.7420366312599275,42.49951660000079,0.28662109375,0.85107421875,0.28662109375
871,neutral,neutral,0.99755859375,0.5895655856945237,44.14206120000017,0.0576171875,0.74072265625,0.0576171875
872,contradiction,contradiction,0.99853515625,0.39675916686783885,34.203862199996365,0.0,0.0,0.0
873,neutral,neutral,0.9970703125,0.7080345204798438,34.19237129999965,0.38232421875,0.48095703125,0.38232421875
874,entailment,entailment,0.98828125,0.6723208861450507,45.871297500001674,0.05126953125,0.92724609375,0.05126953125
875,entailment,entailment,0.9853515625,0.6893223399880284,31.050262299999304,0.033203125,0.83740234375,0.033203125
876,contradiction,contradiction,0.94580078125,0.5202463554659952,46.94405959999858,0.0,0.0,0.0
877,entailment,entailment,0.986328125,0.5365722659587553,41.71726259999559,0.001953125,0.9296875,0.001953125
878,contradiction,contradiction,0.732421875,0.3652860530156484,39.63070300000254,0.0439453125,0.59423828125,-0.0439453125
879,neutral,neutral,0.6396484375,0.5504717624608613,44.12261980000039,0.31201171875,0.78515625,-0.31201171875
880,contradiction,contradiction,0.99853515625,0.5842027384581063,39.42203090000112,0.0,0.0,0.0
881,neutral,entailment,0.990234375,0.5761885129221458,24.492536000005202,0.22509765625,0.9228515625,0.22509765625
882,neutral,entailment,0.6865234375,0.3868920472660947,28.496116499998607,0.0,0.0,0.0
883,neutral,entailment,0.6376953125,0.6168541378277422,28.94244830000389,0.11279296875,0.884765625,0.11279296875
884,contradiction,contradiction,0.99755859375,0.5448758157431262,44.278949899999134,0.0,0.0,0.0
885,entailment,entailment,0.98046875,0.5141718232199539,33.442618799999764,0.05322265625,0.6552734375,0.05322265625
886,neutral,neutral,0.8896484375,0.732998865607833,44.2510786999992,0.03369140625,0.9052734375,-0.03369140625
887,neutral,entailment,0.78759765625,0.4531065764813207,30.963147800001025,0.125,0.57275390625,0.125
888,contradiction,contradiction,0.99658203125,0.62954445975334,49.15640980000171,0.01513671875,0.9501953125,0.01513671875
889,contradiction,contradiction,0.99560546875,0.3816705617351269,30.77134880000085,0.0,0.0,0.0
890,neutral,neutral,0.9873046875,0.8296626184760794,28.947943699997268,0.083984375,0.646484375,0.083984375
891,neutral,neutral,0.95703125,0.809572968029285,28.704724500006705,0.38623046875,0.95361328125,0.38623046875
892,entailment,entailment,0.97021484375,0.5044261930243972,39.43038739999611,0.0,0.0,0.0
893,neutral,neutral,0.9912109375,0.8020648629891871,18.12117600000056,0.173828125,0.97314453125,0.173828125
894,neutral,neutral,0.99755859375,0.6949701006301533,31.412810399997397,0.001953125,0.91162109375,0.001953125
895,entailment,entailment,0.66357421875,0.587103798750329,34.190381499996874,0.17529296875,0.9375,-0.17529296875
896,neutral,entailment,0.96142578125,0.4169178277664224,34.13703689999966,0.03271484375,0.7861328125,0.03271484375
897,contradiction,contradiction,0.69873046875,0.6407249485103004,35.595661200000905,0.2392578125,0.814453125,-0.2392578125
898,contradiction,contradiction,0.92236328125,0.6541211266898932,26.6734163000001,0.0703125,0.57177734375,-0.0703125
899,contradiction,contradiction,0.99853515625,0.4782498097080904,26.424525199996424,0.00146484375,0.9609375,0.00146484375
900,neutral,neutral,0.99755859375,0.5489367167232293,41.75063870000304,0.291015625,0.8828125,0.291015625
901,entailment,entailment,0.9619140625,0.7108933069248771,22.14084059999732,0.041015625,0.9267578125,0.041015625
902,contradiction,contradiction,0.99951171875,0.5736539363045858,26.432367699999304,0.00048828125,0.94384765625,0.00048828125
903,neutral,neutral,0.94384765625,0.6873947345108199,48.99638039999991,0.01708984375,0.859375,-0.01708984375
904,neutral,neutral,0.99755859375,0.7098941052183663,29.223854500000016,0.00390625,0.94189453125,0.00390625
905,contradiction,contradiction,0.9912109375,0.6064523737927756,26.64590440000029,0.0,0.0,0.0
906,entailment,entailment,0.98388671875,0.6182165305503944,31.36309009999968,0.01513671875,0.638671875,0.01513671875
907,contradiction,contradiction,0.98388671875,0.6726121962921431,35.78052070000558,0.4658203125,0.7861328125,0.4658203125
908,neutral,neutral,0.98828125,0.6934296819482697,41.84755529999529,0.60009765625,0.9970703125,0.60009765625
909,contradiction,contradiction,0.9990234375,0.503789726197454,29.187983600000734,0.00341796875,0.87841796875,0.00341796875
910,entailment,entailment,0.9912109375,0.5134149399062369,28.72315919999528,0.01611328125,0.90478515625,0.01611328125
911,entailment,entailment,0.990234375,0.8516538901257702,24.800344499999483,0.01904296875,0.943359375,0.01904296875
912,entailment,entailment,0.97705078125,0.6186397410297235,31.326637300000584,0.0205078125,0.9443359375,0.0205078125
913,entailment,entailment,0.9140625,0.5032836839398629,35.44868199999473,0.0,0.0,0.0
914,entailment,entailment,0.98681640625,0.6774718256201344,24.86189399999421,0.0517578125,0.9501953125,0.0517578125
915,neutral,neutral,0.98779296875,0.7037423266860182,31.455334599995695,0.08154296875,0.642578125,0.08154296875
916,neutral,neutral,0.95458984375,0.754057859710833,62.56613429999561,0.291015625,0.43994140625,0.291015625
917,entailment,entailment,0.9697265625,0.8402141762331959,24.775982999999542,0.0,0.9697265625,0.0
918,contradiction,entailment,0.50537109375,0.4749969289913487,46.98037699999986,0.02880859375,0.876953125,0.02880859375
919,neutral,neutral,0.99609375,0.6941121542883191,51.737440400000196,0.0,0.0,0.0
920,neutral,neutral,0.9970703125,0.5594123292702489,26.8257181999943,0.03759765625,0.46875,0.03759765625
921,entailment,entailment,0.9736328125,0.575961179229442,31.841428499996255,0.0,0.0,0.0
922,entailment,entailment,0.99072265625,0.6965210584764028,35.73688740000216,0.04345703125,0.95361328125,0.04345703125
923,entailment,neutral,0.611328125,0.5252908072351024,28.378370899998117,0.216796875,0.9423828125,-0.216796875
924,neutral,neutral,0.99755859375,0.8134252729733279,29.12748080000165,0.01318359375,0.853515625,0.01318359375
925,entailment,entailment,0.990234375,0.4467436719697424,26.31544009999925,0.01611328125,0.953125,0.01611328125
926,entailment,entailment,0.982421875,0.5012812643600545,26.521994800001266,0.00439453125,0.8876953125,0.00439453125
927,contradiction,contradiction,0.9638671875,0.4473807473819357,30.852264200002537,0.0341796875,0.99755859375,-0.0341796875
928,neutral,neutral,0.99755859375,0.7573709138042294,44.06273119999969,0.0,0.888671875,0.0
929,contradiction,contradiction,0.95361328125,0.4654425513733502,46.85391900000104,0.17822265625,0.9677734375,0.17822265625
930,neutral,neutral,0.9931640625,0.7531093953505489,34.80597560000024,0.0029296875,0.86328125,0.0029296875
931,neutral,neutral,0.7197265625,0.7617865959735101,26.624082599999383,0.00048828125,0.857421875,-0.00048828125
932,contradiction,contradiction,0.97412109375,0.49888495719821013,29.18251670000609,0.2939453125,0.814453125,0.2939453125
933,entailment,entailment,0.98779296875,0.7614408634591479,33.98367159999907,0.037109375,0.81884765625,0.037109375
934,neutral,neutral,0.99755859375,0.6947419044174624,44.12210519999644,0.0,0.8564453125,0.0
935,neutral,neutral,0.5283203125,0.41667672065561356,47.19982380000147,0.01904296875,0.70703125,-0.01904296875
936,entailment,entailment,0.98193359375,0.5476918593217763,34.17235690000234,0.060546875,0.92919921875,0.060546875
937,entailment,entailment,0.98486328125,0.5148104015536927,26.37503730000026,0.0048828125,0.75390625,0.0048828125
938,contradiction,contradiction,0.99853515625,0.36410297683561854,34.16771799999697,0.00048828125,0.97802734375,-0.00048828125
939,entailment,contradiction,0.72705078125,0.618441391231796,42.36686380000174,0.277587890625,0.5498046875,0.277587890625
940,entailment,entailment,0.99072265625,0.6775696834830166,30.894893700002285,0.0341796875,0.982421875,0.0341796875
941,contradiction,contradiction,0.9951171875,0.38966966573283035,24.404888199998823,0.00146484375,0.89892578125,-0.00146484375
942,entailment,entailment,0.970703125,0.6080126470589885,51.10196549999819,0.0029296875,0.0,-0.0029296875
943,contradiction,contradiction,0.92529296875,0.5259032515580155,35.218672800001514,0.07275390625,0.64404296875,-0.07275390625
944,neutral,neutral,0.98095703125,0.7329142124514187,56.1125119999997,0.12060546875,0.60546875,0.12060546875
945,neutral,neutral,0.82275390625,0.460754841684474,33.54431649999606,0.0810546875,0.93408203125,0.0810546875
946,contradiction,contradiction,0.95947265625,0.47548800709371586,29.060517699996126,0.001953125,0.98876953125,0.001953125
947,entailment,neutral,0.751953125,0.5042616827290566,34.09911110000394,0.2734375,0.56787109375,0.2734375
948,entailment,entailment,0.9921875,0.7410894661638823,30.819627799995942,0.0078125,0.96875,0.0078125
949,neutral,entailment,0.96044921875,0.6428207832826911,30.960877400000754,0.00244140625,0.6982421875,0.00244140625
950,entailment,entailment,0.6875,0.6017006240167347,31.409707200000412,0.25830078125,0.52880859375,-0.25830078125
951,entailment,entailment,0.9638671875,0.5526438202689925,26.35342710000259,0.07275390625,0.91015625,0.07275390625
952,contradiction,contradiction,0.99560546875,0.562068429735174,35.51939129999664,0.0029296875,0.83642578125,-0.0029296875
953,entailment,entailment,0.990234375,0.7364270961854662,35.72229839999636,0.01611328125,0.8955078125,0.01611328125
954,entailment,entailment,0.9921875,0.45108379162518486,34.344980800000485,0.00048828125,0.7275390625,0.00048828125
955,neutral,neutral,0.99755859375,0.6794860371064594,36.4590160000007,0.02294921875,0.712890625,0.02294921875
956,entailment,entailment,0.9912109375,0.7210677593942001,42.29091280000284,0.15966796875,0.72314453125,0.15966796875
957,contradiction,neutral,0.83349609375,0.6047516850247405,35.47217950000049,0.0,0.0,0.0
958,neutral,neutral,0.99755859375,0.7348881775563424,47.14058809999551,0.36865234375,0.54541015625,0.36865234375
959,neutral,neutral,0.5029296875,0.4855584450021464,39.57314239999687,0.349609375,0.84228515625,-0.349609375
960,entailment,entailment,0.96728515625,0.5578353578336339,26.361561099998653,0.10009765625,0.96533203125,0.10009765625
961,entailment,entailment,0.98779296875,0.44787176573608967,28.12235689999943,0.0224609375,0.6806640625,0.0224609375
962,neutral,neutral,0.96533203125,0.6466589484105871,26.536141899996437,0.02734375,0.48193359375,0.02734375
963,entailment,entailment,0.99267578125,0.6840496680162782,33.31704040000477,0.01220703125,0.958984375,0.01220703125
964,entailment,entailment,0.9541015625,0.3820211630246152,50.92328339999949,0.04296875,0.75634765625,0.04296875
965,contradiction,neutral,0.99169921875,0.7555469075418959,61.11274660000345,0.00048828125,0.52587890625,0.00048828125
966,neutral,neutral,0.88671875,0.710965181984993,42.296493399997416,0.078125,0.98583984375,-0.078125
967,entailment,entailment,0.99365234375,0.579516328067248,53.20579279999947,0.125,0.91845703125,0.125
968,contradiction,contradiction,0.99951171875,0.5092875234835216,38.8717742000008,0.00048828125,0.93115234375,0.00048828125
969,neutral,neutral,0.65869140625,0.5288807123750798,31.23410110000259,0.1845703125,0.95849609375,0.1845703125
970,contradiction,contradiction,0.99267578125,0.6333836939660304,31.3007035000046,0.0,0.0,0.0
971,neutral,neutral,0.99365234375,0.5746300837591714,44.042135199997574,0.0126953125,0.94482421875,0.0126953125
972,entailment,entailment,0.98291015625,0.5720332426495668,31.02913450000051,0.0078125,0.8935546875,0.0078125
973,contradiction,contradiction,0.99658203125,0.6304897040949646,39.22980559999996,0.03125,0.97412109375,0.03125
974,contradiction,contradiction,0.9990234375,0.7703824429502331,41.64895859999524,0.40478515625,0.998046875,0.40478515625
975,entailment,entailment,0.98779296875,0.7131672921228639,24.71297319999576,0.28173828125,0.958984375,0.28173828125
976,contradiction,contradiction,0.86865234375,0.4888446552323473,31.02550450000126,0.15771484375,0.9287109375,0.15771484375
977,entailment,entailment,0.982421875,0.5759817272361538,24.72035170000163,0.06396484375,0.88134765625,0.06396484375
978,entailment,entailment,0.9931640625,0.5300608606874083,51.061520400005975,0.146484375,0.7666015625,0.146484375
979,entailment,entailment,0.94873046875,0.59788509331886,26.52851560000272,0.11083984375,0.83642578125,0.11083984375
980,contradiction,neutral,0.9951171875,0.649822605094409,35.50422709999839,0.03515625,0.6044921875,0.03515625
981,contradiction,contradiction,0.94287109375,0.6124111396055814,29.11483930000395,0.17822265625,0.9443359375,0.17822265625
982,entailment,entailment,0.96923828125,0.5943157833946497,24.369586900000286,0.11474609375,0.9033203125,0.11474609375
983,entailment,entailment,0.97900390625,0.7236995810510554,26.53010060000088,0.04296875,0.9638671875,0.04296875
984,entailment,entailment,0.986328125,0.6239237402208486,48.829358000002685,0.12060546875,0.966796875,0.12060546875
985,entailment,entailment,0.99169921875,0.4598470594627152,26.546084400004474,0.0,0.0,0.0
986,neutral,entailment,0.65625,0.48170833650554057,35.49286630000279,0.0,0.0,0.0
987,entailment,entailment,0.9921875,0.655079971925419,33.68268209999951,0.0185546875,0.90869140625,0.0185546875
988,contradiction,contradiction,0.97412109375,0.5735374830411915,35.6681985000032,0.0,0.0,0.0
989,neutral,contradiction,0.529296875,0.5273595331995583,41.968822900002124,0.056640625,0.8759765625,-0.056640625
990,neutral,neutral,0.9404296875,0.48566507302636786,33.34348590000445,0.0166015625,0.86279296875,-0.0166015625
991,neutral,neutral,0.99462890625,0.7308992159232843,48.8236676000015,0.4453125,0.5439453125,0.4453125
992,entailment,entailment,0.9931640625,0.40416572642088944,35.354803899994295,0.0185546875,0.9306640625,0.0185546875
993,contradiction,contradiction,0.9384765625,0.5134028712897317,26.53446029999759,0.0,0.0,0.0
994,entailment,entailment,0.91650390625,0.32771456548085165,26.14526179999666,0.009765625,0.62109375,0.009765625
995,contradiction,contradiction,0.98095703125,0.41924419410558966,44.045830999995815,0.15478515625,0.9462890625,0.15478515625
996,entailment,entailment,0.9931640625,0.4111989605687567,26.131069299997762,0.00341796875,0.89111328125,0.00341796875
997,entailment,entailment,0.87158203125,0.5276224150811282,26.331121200004418,0.09033203125,0.89892578125,-0.09033203125
998,contradiction,contradiction,0.9443359375,0.5095857739585323,49.82209280000097,0.1044921875,0.55224609375,0.1044921875
999,contradiction,neutral,0.71435546875,0.5692982084228096,41.48093779999908,0.0,0.0,0.0
